time,deviceName,object_hAcc,object_sat,latitud,longitud,geometry
2023-04-20 06:35:45.574985190+00:00,A0013,12,5,43.2510791,-7.338469,POINT (-7.338469 43.2510791)
2023-04-20 06:57:55.075616210+00:00,A0013,6,6,43.2511827,-7.3385733,POINT (-7.3385733 43.2511827)
2023-04-20 07:21:05.574299112+00:00,A0013,11,8,43.2513336,-7.3385944,POINT (-7.3385944 43.2513336)
2023-04-20 09:18:50.824294631+00:00,A0013,7,8,43.2513839,-7.336364,POINT (-7.336364 43.2513839)
2023-04-20 09:34:23.325211296+00:00,A0013,6,7,43.2514176,-7.3362283,POINT (-7.3362283 43.2514176)
2023-04-20 09:49:59.824418526+00:00,A0013,4,8,43.2514083,-7.3366771,POINT (-7.3366771 43.2514083)
2023-04-20 10:05:53.574333160+00:00,A0013,10,7,43.2513323,-7.3363714,POINT (-7.3363714 43.2513323)
2023-04-20 10:22:36.574524080+00:00,A0013,8,8,43.251673,-7.3365574,POINT (-7.3365574 43.251673)
2023-04-20 10:42:05.574339326+00:00,A0013,8,8,43.2515505,-7.3364626,POINT (-7.3364626 43.2515505)
2023-04-20 11:04:58.103728800+00:00,A0013,21,8,43.25162,-7.3366898,POINT (-7.3366898 43.25162)
2023-04-20 11:12:45.075300972+00:00,A0013,10,8,43.2516919,-7.3370278,POINT (-7.3370278 43.2516919)
2023-04-20 11:53:54.574314741+00:00,A0013,17,8,43.2516406,-7.3368108,POINT (-7.3368108 43.2516406)
2023-04-20 12:12:53.574305007+00:00,A0013,9,7,43.251533,-7.3364629,POINT (-7.3364629 43.251533)
2023-04-20 12:30:14.324405931+00:00,A0013,7,7,43.2514046,-7.3363584,POINT (-7.3363584 43.2514046)
2023-04-20 12:46:14.574797857+00:00,A0013,6,6,43.2516148,-7.3365344,POINT (-7.3365344 43.2516148)
2023-04-20 13:26:36.574238596+00:00,A0013,5,7,43.2513233,-7.3367178,POINT (-7.3367178 43.2513233)
2023-04-20 13:35:35.574449640+00:00,A0013,5,8,43.2511994,-7.3367953,POINT (-7.3367953 43.2511994)
2023-04-20 14:10:01.350192341+00:00,A0013,10,8,43.2510833,-7.3367654,POINT (-7.3367654 43.2510833)
2023-04-20 14:42:11.574257119+00:00,A0013,15,8,43.2513253,-7.3370621,POINT (-7.3370621 43.2513253)
2023-04-20 14:55:43.824410584+00:00,A0013,9,7,43.2516328,-7.3369224,POINT (-7.3369224 43.2516328)
2023-04-20 15:27:37.074579132+00:00,A0013,5,7,43.2514016,-7.336551,POINT (-7.336551 43.2514016)
2023-04-20 15:43:15.575195870+00:00,A0013,6,7,43.2515522,-7.3367861,POINT (-7.3367861 43.2515522)
2023-04-20 15:58:53.574490078+00:00,A0013,10,9,43.2516678,-7.3366846,POINT (-7.3366846 43.2516678)
2023-04-20 16:43:40.356507205+00:00,A0013,7,7,43.2513505,-7.3367619,POINT (-7.3367619 43.2513505)
2023-04-20 16:53:06.606358094+00:00,A0013,6,8,43.2511303,-7.3364828,POINT (-7.3364828 43.2511303)
2023-04-20 17:10:13.856312426+00:00,A0013,5,7,43.2513634,-7.3364668,POINT (-7.3364668 43.2513634)
2023-04-20 17:18:33.606417294+00:00,A0013,5,8,43.2515359,-7.3370132,POINT (-7.3370132 43.2515359)
2023-04-20 17:26:35.606743040+00:00,A0013,8,8,43.2512736,-7.3363508,POINT (-7.3363508 43.2512736)
2023-04-20 17:43:58.606240395+00:00,A0013,4,7,43.2512064,-7.3385434,POINT (-7.3385434 43.2512064)
2023-04-20 19:27:15.606350331+00:00,A0013,5,7,43.2513214,-7.3370349,POINT (-7.3370349 43.2513214)
2023-04-20 19:37:01.356498009+00:00,A0013,5,7,43.2516947,-7.3363666,POINT (-7.3363666 43.2516947)
2023-04-20 19:52:23.378220570+00:00,A0013,3,9,43.2518734,-7.3365363,POINT (-7.3365363 43.2518734)
2023-04-20 20:07:34.607003340+00:00,A0013,9,8,43.2516059,-7.3360571,POINT (-7.3360571 43.2516059)
2023-04-20 20:23:03.106825468+00:00,A0013,6,8,43.2518225,-7.3363459,POINT (-7.3363459 43.2518225)
2023-04-20 20:38:41.356405486+00:00,A0013,3,8,43.2516797,-7.3363748,POINT (-7.3363748 43.2516797)
2023-04-20 21:01:43.873596340+00:00,A0013,7,8,43.2519116,-7.3368774,POINT (-7.3368774 43.2519116)
2023-04-20 22:20:53.606735769+00:00,A0013,4,6,43.2516901,-7.336789,POINT (-7.336789 43.2516901)
2023-04-20 23:04:30.368298104+00:00,A0013,5,8,43.251901,-7.3366116,POINT (-7.3366116 43.251901)
2023-04-21 06:40:41.607195245+00:00,A0013,30,5,43.2511281,-7.3384793,POINT (-7.3384793 43.2511281)
2023-04-21 07:20:29.606802028+00:00,A0013,12,7,43.2508671,-7.3388249,POINT (-7.3388249 43.2508671)
2023-04-21 07:39:37.865160331+00:00,A0013,3,7,43.251088,-7.3383858,POINT (-7.3383858 43.251088)
2023-04-21 07:41:05.106811277+00:00,A0013,4,8,43.2511185,-7.3383419,POINT (-7.3383419 43.2511185)
2023-04-21 07:41:49.356466059+00:00,A0013,9,7,43.2511603,-7.338407,POINT (-7.338407 43.2511603)
2023-04-21 07:42:32.856914056+00:00,A0013,10,7,43.2510554,-7.3382292,POINT (-7.3382292 43.2510554)
2023-04-21 07:47:32.857194574+00:00,A0013,12,7,43.2510482,-7.3383631,POINT (-7.3383631 43.2510482)
2023-04-21 07:54:14.871927409+00:00,A0013,11,7,43.2511014,-7.3385096,POINT (-7.3385096 43.2511014)
2023-04-21 07:56:35.108396247+00:00,A0013,6,8,43.2511001,-7.3385307,POINT (-7.3385307 43.2511001)
2023-04-21 08:07:15.877270891+00:00,A0013,10,8,43.2512279,-7.3386069,POINT (-7.3386069 43.2512279)
2023-04-21 08:44:08.107302640+00:00,A0013,15,8,43.2510734,-7.3384964,POINT (-7.3384964 43.2510734)
2023-04-21 08:46:20.356784177+00:00,A0013,14,8,43.2511236,-7.338606,POINT (-7.338606 43.2511236)
2023-04-21 08:46:34.856744885+00:00,A0013,10,8,43.2510285,-7.338503,POINT (-7.338503 43.2510285)
2023-04-21 09:48:54.107360503+00:00,A0013,18,6,43.2526313,-7.3445379,POINT (-7.3445379 43.2526313)
2023-04-21 10:05:00.106507652+00:00,A0013,36,7,43.2549333,-7.3436493,POINT (-7.3436493 43.2549333)
2023-04-21 10:20:38.856401113+00:00,A0013,33,7,43.2548653,-7.3436039,POINT (-7.3436039 43.2548653)
2023-04-21 10:53:50.107085733+00:00,A0013,11,8,43.2546598,-7.3441356,POINT (-7.3441356 43.2546598)
2023-04-21 11:09:10.107514909+00:00,A0013,12,8,43.2544695,-7.3440607,POINT (-7.3440607 43.2544695)
2023-04-21 12:07:30.856351814+00:00,A0013,6,7,43.2548145,-7.3446117,POINT (-7.3446117 43.2548145)
2023-04-21 12:58:44.106910929+00:00,A0013,12,8,43.2549332,-7.3440466,POINT (-7.3440466 43.2549332)
2023-04-21 13:14:21.856304651+00:00,A0013,7,7,43.2546972,-7.3438533,POINT (-7.3438533 43.2546972)
2023-04-21 13:43:50.109032043+00:00,A0013,17,6,43.2546322,-7.3439287,POINT (-7.3439287 43.2546322)
2023-04-21 15:22:09.856843909+00:00,A0013,17,8,43.2547008,-7.3444893,POINT (-7.3444893 43.2547008)
2023-04-21 16:40:22.857193990+00:00,A0013,5,7,43.2545515,-7.3442321,POINT (-7.3442321 43.2545515)
2023-04-21 16:56:01.107922053+00:00,A0013,4,7,43.2545607,-7.3441283,POINT (-7.3441283 43.2545607)
2023-04-21 17:14:25.356499685+00:00,A0013,5,7,43.2519891,-7.3382959,POINT (-7.3382959 43.2519891)
2023-04-21 17:25:36.356835928+00:00,A0013,8,7,43.2511984,-7.3384703,POINT (-7.3384703 43.2511984)
2023-04-21 19:06:46.856872140+00:00,A0013,43,3,43.2534332,-7.3435733,POINT (-7.3435733 43.2534332)
2023-04-21 19:16:13.370652884+00:00,A0013,8,10,43.2545772,-7.3443023,POINT (-7.3443023 43.2545772)
2023-04-21 19:24:21.106770767+00:00,A0013,11,10,43.2548703,-7.344576,POINT (-7.344576 43.2548703)
2023-04-21 20:05:05.856757320+00:00,A0013,6,7,43.2549697,-7.3441492,POINT (-7.3441492 43.2549697)
2023-04-21 20:21:17.356682781+00:00,A0013,12,6,43.2551183,-7.344044,POINT (-7.344044 43.2551183)
2023-04-21 21:35:35.106491275+00:00,A0013,3,9,43.2545696,-7.3443876,POINT (-7.3443876 43.2545696)
2023-04-21 23:34:23.857801892+00:00,A0013,2,7,43.2548146,-7.3444006,POINT (-7.3444006 43.2548146)
2023-04-22 01:54:52.356450352+00:00,A0013,9,7,43.2546758,-7.3442342,POINT (-7.3442342 43.2546758)
2023-04-22 02:10:45.357677195+00:00,A0013,4,7,43.2545746,-7.3440272,POINT (-7.3440272 43.2545746)
2023-04-22 02:26:53.606290548+00:00,A0013,5,9,43.2546497,-7.3441866,POINT (-7.3441866 43.2546497)
2023-04-22 06:58:05.606238539+00:00,A0013,19,6,43.2518077,-7.3381538,POINT (-7.3381538 43.2518077)
2023-04-22 07:06:48.356748851+00:00,A0013,5,8,43.2511178,-7.338506,POINT (-7.338506 43.2511178)
2023-04-22 10:05:52.606399973+00:00,A0013,17,5,43.2527824,-7.3440248,POINT (-7.3440248 43.2527824)
2023-04-22 10:14:50.385118739+00:00,A0013,3,7,43.2551908,-7.3446298,POINT (-7.3446298 43.2551908)
2023-04-22 10:23:16.356565626+00:00,A0013,3,7,43.255105,-7.3445287,POINT (-7.3445287 43.255105)
2023-04-22 10:38:36.606241154+00:00,A0013,6,8,43.2550931,-7.3445739,POINT (-7.3445739 43.2550931)
2023-04-22 10:54:06.856283936+00:00,A0013,10,9,43.25532,-7.3443409,POINT (-7.3443409 43.25532)
2023-04-22 11:09:19.877951109+00:00,A0013,9,9,43.2551599,-7.3440736,POINT (-7.3440736 43.2551599)
2023-04-22 11:24:37.858375648+00:00,A0013,9,8,43.2550075,-7.3439374,POINT (-7.3439374 43.2550075)
2023-04-22 11:42:25.106786397+00:00,A0013,14,8,43.2553517,-7.3443748,POINT (-7.3443748 43.2553517)
2023-04-22 11:57:26.856393326+00:00,A0013,12,8,43.2549007,-7.3438274,POINT (-7.3438274 43.2549007)
2023-04-22 12:27:22.119878308+00:00,A0013,8,8,43.2552364,-7.3443637,POINT (-7.3443637 43.2552364)
2023-04-22 12:42:20.882410123+00:00,A0013,18,8,43.2550996,-7.34407,POINT (-7.34407 43.2550996)
2023-04-22 12:58:22.107364564+00:00,A0013,6,7,43.2548491,-7.3441603,POINT (-7.3441603 43.2548491)
2023-04-22 13:14:13.857765281+00:00,A0013,5,7,43.2547589,-7.344105,POINT (-7.344105 43.2547589)
2023-04-22 15:53:50.856746661+00:00,A0013,133,4,43.2543903,-7.3439497,POINT (-7.3439497 43.2543903)
2023-04-22 16:09:52.356554992+00:00,A0013,7,7,43.2548188,-7.3441735,POINT (-7.3441735 43.2548188)
2023-04-22 16:26:10.107535070+00:00,A0013,7,6,43.2549401,-7.344518,POINT (-7.344518 43.2549401)
2023-04-22 16:46:15.106365344+00:00,A0013,8,7,43.2552267,-7.3443841,POINT (-7.3443841 43.2552267)
2023-04-22 17:17:39.856309226+00:00,A0013,6,7,43.2551518,-7.3438985,POINT (-7.3438985 43.2551518)
2023-04-22 17:33:06.107072392+00:00,A0013,8,8,43.254427,-7.344219,POINT (-7.344219 43.254427)
2023-04-22 17:59:18.107000233+00:00,A0013,12,8,43.2556704,-7.3445399,POINT (-7.3445399 43.2556704)
2023-04-22 18:14:53.107482516+00:00,A0013,5,11,43.2554375,-7.3445778,POINT (-7.3445778 43.2554375)
2023-04-22 18:30:03.856317416+00:00,A0013,10,11,43.2555806,-7.344326,POINT (-7.344326 43.2555806)
2023-04-22 18:45:31.858331985+00:00,A0013,13,9,43.2553622,-7.3444619,POINT (-7.3444619 43.2553622)
2023-04-22 19:28:58.356984258+00:00,A0013,13,8,43.2555028,-7.3440057,POINT (-7.3440057 43.2555028)
2023-04-22 21:22:01.857619454+00:00,A0013,5,6,43.255337,-7.3443964,POINT (-7.3443964 43.255337)
2023-04-22 21:37:34.856367241+00:00,A0013,6,9,43.2556103,-7.3446109,POINT (-7.3446109 43.2556103)
2023-04-23 01:01:37.606307164+00:00,A0013,6,5,43.2552517,-7.3441634,POINT (-7.3441634 43.2552517)
2023-04-23 01:16:59.106759337+00:00,A0013,8,9,43.2549032,-7.3439943,POINT (-7.3439943 43.2549032)
2023-04-23 04:10:14.606313672+00:00,A0013,5,7,43.2547817,-7.3443775,POINT (-7.3443775 43.2547817)
2023-04-23 06:51:47.872501786+00:00,A0013,7,5,43.2534765,-7.3414732,POINT (-7.3414732 43.2534765)
2023-04-23 07:07:36.606291984+00:00,A0013,3,7,43.2512403,-7.3381745,POINT (-7.3381745 43.2512403)
2023-04-23 07:15:59.606448437+00:00,A0013,8,7,43.2511526,-7.3385161,POINT (-7.3385161 43.2511526)
2023-04-23 07:31:24.107806548+00:00,A0013,6,7,43.2510748,-7.3386062,POINT (-7.3386062 43.2510748)
2023-04-23 08:03:12.856911317+00:00,A0013,5,6,43.2511864,-7.3382116,POINT (-7.3382116 43.2511864)
2023-04-23 10:16:35.856490940+00:00,A0013,11,7,43.2522042,-7.3371115,POINT (-7.3371115 43.2522042)
2023-04-23 10:32:04.856382162+00:00,A0013,9,7,43.2525282,-7.3370178,POINT (-7.3370178 43.2525282)
2023-04-23 10:55:06.356547313+00:00,A0013,10,8,43.2521641,-7.3361238,POINT (-7.3361238 43.2521641)
2023-04-23 11:03:22.873078697+00:00,A0013,6,9,43.2519228,-7.3363114,POINT (-7.3363114 43.2519228)
2023-04-23 11:18:33.856356690+00:00,A0013,11,8,43.2519735,-7.3364398,POINT (-7.3364398 43.2519735)
2023-04-23 11:33:56.856356663+00:00,A0013,9,9,43.2524391,-7.3377009,POINT (-7.3377009 43.2524391)
2023-04-23 11:49:21.107021448+00:00,A0013,13,9,43.2524187,-7.3370056,POINT (-7.3370056 43.2524187)
2023-04-23 12:04:47.356748702+00:00,A0013,9,9,43.2522903,-7.3364333,POINT (-7.3364333 43.2522903)
2023-04-23 12:20:06.856351507+00:00,A0013,11,8,43.2521966,-7.3361553,POINT (-7.3361553 43.2521966)
2023-04-23 12:47:50.108596197+00:00,A0013,5,8,43.2519546,-7.3362794,POINT (-7.3362794 43.2519546)
2023-04-23 15:18:05.872614807+00:00,A0013,8,6,43.2528672,-7.3369908,POINT (-7.3369908 43.2528672)
2023-04-23 15:26:37.106727037+00:00,A0013,9,7,43.2524585,-7.336953,POINT (-7.336953 43.2524585)
2023-04-23 15:42:15.856373901+00:00,A0013,5,7,43.2522014,-7.3365892,POINT (-7.3365892 43.2522014)
2023-04-23 16:23:10.856390200+00:00,A0013,4,7,43.252699,-7.3371606,POINT (-7.3371606 43.252699)
2023-04-23 18:10:50.856299337+00:00,A0013,14,6,43.2525064,-7.3372232,POINT (-7.3372232 43.2525064)
2023-04-23 18:26:31.106328451+00:00,A0013,5,7,43.2522973,-7.3364449,POINT (-7.3364449 43.2522973)
2023-04-23 18:46:19.107299815+00:00,A0013,5,7,43.2521763,-7.3365597,POINT (-7.3365597 43.2521763)
2023-04-23 20:15:39.856395993+00:00,A0013,4,7,43.25254,-7.337366,POINT (-7.337366 43.25254)
2023-04-23 20:36:21.107696491+00:00,A0013,3,7,43.2519599,-7.3363594,POINT (-7.3363594 43.2519599)
2023-04-23 21:24:22.106449121+00:00,A0013,4,7,43.252218,-7.3369597,POINT (-7.3369597 43.252218)
2023-04-23 21:32:42.107448411+00:00,A0013,4,7,43.2521294,-7.3369594,POINT (-7.3369594 43.2521294)
2023-04-24 03:07:23.617010840+00:00,A0013,13,5,43.2522795,-7.336722,POINT (-7.336722 43.2522795)
2023-04-24 06:09:48.356548391+00:00,A0013,6,6,43.2521057,-7.3360348,POINT (-7.3360348 43.2521057)
2023-04-24 09:35:05.130871275+00:00,A0013,8,7,43.25488,-7.3449502,POINT (-7.3449502 43.25488)
2023-04-24 09:50:41.381166124+00:00,A0013,5,8,43.2548126,-7.3449222,POINT (-7.3449222 43.2548126)
2023-04-24 10:06:05.106525612+00:00,A0013,9,8,43.2548571,-7.3448421,POINT (-7.3448421 43.2548571)
2023-04-24 10:21:29.106512671+00:00,A0013,5,8,43.2548247,-7.3450353,POINT (-7.3450353 43.2548247)
2023-04-24 10:36:49.606434438+00:00,A0013,9,8,43.2549436,-7.3449238,POINT (-7.3449238 43.2549436)
2023-04-24 10:56:39.373010657+00:00,A0013,8,10,43.2549786,-7.3449443,POINT (-7.3449443 43.2549786)
2023-04-24 11:13:41.377233957+00:00,A0013,14,8,43.2547607,-7.3446231,POINT (-7.3446231 43.2547607)
2023-04-24 13:05:00.106533178+00:00,A0013,12,7,43.2547536,-7.3448669,POINT (-7.3448669 43.2547536)
2023-04-24 13:20:15.357811166+00:00,A0013,14,8,43.2546508,-7.3445227,POINT (-7.3445227 43.2546508)
2023-04-24 13:35:52.606491433+00:00,A0013,7,10,43.2547426,-7.3451004,POINT (-7.3451004 43.2547426)
2023-04-24 14:07:02.356538280+00:00,A0013,9,8,43.2548396,-7.3452312,POINT (-7.3452312 43.2548396)
2023-04-24 17:30:28.111163837+00:00,A0013,13,5,43.2512857,-7.3382917,POINT (-7.3382917 43.2512857)
2023-04-24 18:08:00.606532564+00:00,A0013,5,7,43.2511362,-7.3384631,POINT (-7.3384631 43.2511362)
2023-04-24 18:57:31.356535099+00:00,A0013,6,7,43.2533598,-7.342676,POINT (-7.342676 43.2533598)
2023-04-24 19:06:11.376266123+00:00,A0013,8,7,43.2540302,-7.3442976,POINT (-7.3442976 43.2540302)
2023-04-24 19:32:47.356846823+00:00,A0013,5,7,43.2550451,-7.3447562,POINT (-7.3447562 43.2550451)
2023-04-24 19:56:33.356398029+00:00,A0013,6,6,43.2549229,-7.3452983,POINT (-7.3452983 43.2549229)
2023-04-24 20:04:49.606395701+00:00,A0013,3,8,43.254928,-7.3453914,POINT (-7.3453914 43.254928)
2023-04-24 20:20:08.361718533+00:00,A0013,6,8,43.2549733,-7.3450844,POINT (-7.3450844 43.2549733)
2023-04-24 22:55:05.856255620+00:00,A0013,3,9,43.254708,-7.3446315,POINT (-7.3446315 43.254708)
2023-04-24 23:07:21.606392448+00:00,A0013,10,8,43.254787,-7.3448057,POINT (-7.3448057 43.254787)
2023-04-24 23:33:01.606387108+00:00,A0013,7,9,43.2550062,-7.3453055,POINT (-7.3453055 43.2550062)
2023-04-25 06:55:29.106472501+00:00,A0013,13,5,43.252848,-7.3452899,POINT (-7.3452899 43.252848)
2023-04-25 07:06:48.121133273+00:00,A0013,4,7,43.2534294,-7.3407809,POINT (-7.3407809 43.2534294)
2023-04-25 07:15:15.856430309+00:00,A0013,3,7,43.2512075,-7.3383788,POINT (-7.3383788 43.2512075)
2023-04-25 07:23:42.106512417+00:00,A0013,4,7,43.2512131,-7.3384761,POINT (-7.3384761 43.2512131)
2023-04-25 10:08:26.106991678+00:00,A0013,4,3,43.2526238,-7.3440298,POINT (-7.3440298 43.2526238)
2023-04-25 10:17:42.856521410+00:00,A0013,6,6,43.2550104,-7.3447264,POINT (-7.3447264 43.2550104)
2023-04-25 10:26:36.356568446+00:00,A0013,6,7,43.2552851,-7.3451912,POINT (-7.3451912 43.2552851)
2023-04-25 10:42:13.865994775+00:00,A0013,8,7,43.2552654,-7.3448508,POINT (-7.3448508 43.2552654)
2023-04-25 10:58:03.856375845+00:00,A0013,8,7,43.2546802,-7.3448199,POINT (-7.3448199 43.2546802)
2023-04-25 11:14:13.857262001+00:00,A0013,5,7,43.2550821,-7.3451021,POINT (-7.3451021 43.2550821)
2023-04-25 11:29:52.871615768+00:00,A0013,3,8,43.2552216,-7.3455409,POINT (-7.3455409 43.2552216)
2023-04-25 11:45:28.083255246+00:00,A0013,5,8,43.255142,-7.3449407,POINT (-7.3449407 43.255142)
2023-04-25 13:52:11.694624757+00:00,A0013,15,7,43.254815,-7.3446968,POINT (-7.3446968 43.254815)
2023-04-25 14:20:23.931209855+00:00,A0013,6,7,43.2550005,-7.3450174,POINT (-7.3450174 43.2550005)
2023-04-25 14:36:03.867121154+00:00,A0013,6,8,43.254909,-7.345199,POINT (-7.345199 43.254909)
2023-04-25 14:51:15.974777517+00:00,A0013,10,8,43.2547212,-7.3450158,POINT (-7.3450158 43.2547212)
2023-04-25 15:07:07.193561411+00:00,A0013,4,7,43.2550228,-7.3454438,POINT (-7.3454438 43.2550228)
2023-04-25 16:57:59.169374520+00:00,A0013,7,7,43.2549778,-7.3453928,POINT (-7.3453928 43.2549778)
2023-04-25 17:27:21.905371137+00:00,A0013,4,7,43.2530603,-7.3436525,POINT (-7.3436525 43.2530603)
2023-04-25 17:45:43.966120547+00:00,A0013,5,7,43.2512682,-7.3382366,POINT (-7.3382366 43.2512682)
2023-04-25 18:03:37.852931452+00:00,A0013,4,7,43.2511116,-7.3383948,POINT (-7.3383948 43.2511116)
2023-04-25 18:37:00.406449170+00:00,A0013,12,6,43.2512707,-7.3385177,POINT (-7.3385177 43.2512707)
2023-04-25 19:28:40.841536019+00:00,A0013,10,5,43.2531498,-7.3430792,POINT (-7.3430792 43.2531498)
2023-04-25 19:38:12.886135693+00:00,A0013,6,7,43.2535844,-7.3444511,POINT (-7.3444511 43.2535844)
2023-04-25 19:50:24.196019981+00:00,A0013,5,7,43.2553903,-7.344875,POINT (-7.344875 43.2553903)
2023-04-25 20:05:35.832373912+00:00,A0013,4,9,43.255381,-7.3449301,POINT (-7.3449301 43.255381)
2023-04-25 20:21:05.095810343+00:00,A0013,6,10,43.2553369,-7.3447223,POINT (-7.3447223 43.2553369)
2023-04-25 20:36:17.023229154+00:00,A0013,6,9,43.2554462,-7.3448601,POINT (-7.3448601 43.2554462)
2023-04-25 20:59:55.813767222+00:00,A0013,6,8,43.2553738,-7.3449233,POINT (-7.3449233 43.2553738)
2023-04-20 00:12:44.574423486+00:00,A0114,13,6,43.2514649,-7.3369963,POINT (-7.3369963 43.2514649)
2023-04-20 00:28:22.824421287+00:00,A0114,5,11,43.2514996,-7.3369796,POINT (-7.3369796 43.2514996)
2023-04-20 00:43:30.574316485+00:00,A0114,9,10,43.2514013,-7.3371414,POINT (-7.3371414 43.2514013)
2023-04-20 00:58:46.574298960+00:00,A0114,8,10,43.2513645,-7.3371128,POINT (-7.3371128 43.2513645)
2023-04-20 01:14:05.574484949+00:00,A0114,11,9,43.251403,-7.3370411,POINT (-7.3370411 43.251403)
2023-04-20 01:37:05.074767614+00:00,A0114,9,10,43.2512557,-7.3365862,POINT (-7.3365862 43.2512557)
2023-04-20 06:35:58.324469539+00:00,A0114,36,3,43.2512579,-7.3385296,POINT (-7.3385296 43.2512579)
2023-04-20 07:50:05.324586645+00:00,A0114,5,7,43.2512244,-7.3384237,POINT (-7.3384237 43.2512244)
2023-04-20 09:15:11.574880524+00:00,A0114,5,7,43.251566,-7.3366084,POINT (-7.3366084 43.251566)
2023-04-20 09:30:36.824412955+00:00,A0114,5,9,43.2514946,-7.3367489,POINT (-7.3367489 43.2514946)
2023-04-20 09:45:53.574368051+00:00,A0114,8,8,43.2516634,-7.3368522,POINT (-7.3368522 43.2516634)
2023-04-20 10:01:33.574360048+00:00,A0114,7,7,43.2516158,-7.3365849,POINT (-7.3365849 43.2516158)
2023-04-20 10:17:06.324494357+00:00,A0114,5,10,43.2515112,-7.3368754,POINT (-7.3368754 43.2515112)
2023-04-20 10:32:19.574358721+00:00,A0114,13,8,43.2515683,-7.3367488,POINT (-7.3367488 43.2515683)
2023-04-20 10:47:29.324322980+00:00,A0114,20,8,43.2515501,-7.3362548,POINT (-7.3362548 43.2515501)
2023-04-20 11:02:53.347339066+00:00,A0114,16,8,43.2514824,-7.3370602,POINT (-7.3370602 43.2514824)
2023-04-20 11:18:00.574367992+00:00,A0114,16,8,43.2515826,-7.3370344,POINT (-7.3370344 43.2515826)
2023-04-20 11:37:16.574371398+00:00,A0114,15,8,43.2514542,-7.3368047,POINT (-7.3368047 43.2514542)
2023-04-20 11:52:53.824727347+00:00,A0114,9,8,43.2518289,-7.3369144,POINT (-7.3369144 43.2518289)
2023-04-20 12:08:22.824401824+00:00,A0114,10,8,43.2516715,-7.3366315,POINT (-7.3366315 43.2516715)
2023-04-20 12:24:39.574358378+00:00,A0114,8,7,43.2514164,-7.3368491,POINT (-7.3368491 43.2514164)
2023-04-20 12:50:27.574723928+00:00,A0114,7,7,43.2516378,-7.3369281,POINT (-7.3369281 43.2516378)
2023-04-20 13:15:36.824279079+00:00,A0114,9,9,43.2515016,-7.3369935,POINT (-7.3369935 43.2515016)
2023-04-20 13:30:48.824365287+00:00,A0114,18,9,43.2514114,-7.3370511,POINT (-7.3370511 43.2514114)
2023-04-20 14:00:03.824501478+00:00,A0114,30,8,43.2515653,-7.3368376,POINT (-7.3368376 43.2515653)
2023-04-20 14:15:12.824707519+00:00,A0114,28,8,43.2513785,-7.3370489,POINT (-7.3370489 43.2513785)
2023-04-20 15:08:21.324403938+00:00,A0114,4,8,43.251396,-7.3367307,POINT (-7.3367307 43.251396)
2023-04-20 15:23:59.574249346+00:00,A0114,5,7,43.2517678,-7.3370163,POINT (-7.3370163 43.2517678)
2023-04-20 15:39:35.324600236+00:00,A0114,7,7,43.2517384,-7.3365585,POINT (-7.3365585 43.2517384)
2023-04-20 15:55:06.324628295+00:00,A0114,5,9,43.251551,-7.3369431,POINT (-7.3369431 43.251551)
2023-04-20 16:10:19.574404776+00:00,A0114,12,8,43.2514333,-7.3369694,POINT (-7.3369694 43.2514333)
2023-04-20 16:25:31.106836894+00:00,A0114,13,8,43.2512042,-7.337029,POINT (-7.337029 43.2512042)
2023-04-20 16:40:52.356320224+00:00,A0114,12,8,43.2511486,-7.3369097,POINT (-7.3369097 43.2511486)
2023-04-20 16:56:37.356808363+00:00,A0114,6,8,43.2511311,-7.3368707,POINT (-7.3368707 43.2511311)
2023-04-20 17:39:29.356443803+00:00,A0114,6,7,43.2512417,-7.338499,POINT (-7.338499 43.2512417)
2023-04-20 18:47:34.365325810+00:00,A0114,4,6,43.2512721,-7.3386258,POINT (-7.3386258 43.2512721)
2023-04-20 19:25:35.606291423+00:00,A0114,6,9,43.2512798,-7.3369655,POINT (-7.3369655 43.2512798)
2023-04-20 19:51:38.356417792+00:00,A0114,4,8,43.2519161,-7.3366278,POINT (-7.3366278 43.2519161)
2023-04-20 20:06:48.606733760+00:00,A0114,10,8,43.2519322,-7.3364811,POINT (-7.3364811 43.2519322)
2023-04-20 20:22:12.606478603+00:00,A0114,9,8,43.2520116,-7.336598,POINT (-7.336598 43.2520116)
2023-04-20 20:37:51.625492816+00:00,A0114,3,7,43.251863,-7.3364757,POINT (-7.3364757 43.251863)
2023-04-20 20:53:23.606395989+00:00,A0114,3,8,43.2517816,-7.3367113,POINT (-7.3367113 43.2517816)
2023-04-20 21:54:05.363381079+00:00,A0114,8,7,43.2518089,-7.33666,POINT (-7.33666 43.2518089)
2023-04-20 22:16:06.606358523+00:00,A0114,3,10,43.2517955,-7.3367536,POINT (-7.3367536 43.2517955)
2023-04-21 01:43:23.858070758+00:00,A0114,7,10,43.2519922,-7.3367868,POINT (-7.3367868 43.2519922)
2023-04-21 01:58:47.856353660+00:00,A0114,23,10,43.2521002,-7.3366952,POINT (-7.3366952 43.2521002)
2023-04-21 02:14:02.356509114+00:00,A0114,7,8,43.2518938,-7.336463,POINT (-7.336463 43.2518938)
2023-04-21 02:21:48.606420310+00:00,A0114,8,8,43.2520966,-7.3362411,POINT (-7.3362411 43.2520966)
2023-04-21 06:03:37.106936834+00:00,A0114,2,9,43.2516932,-7.3370121,POINT (-7.3370121 43.2516932)
2023-04-21 06:32:02.607113413+00:00,A0114,10,8,43.2512709,-7.3373489,POINT (-7.3373489 43.2512709)
2023-04-21 06:43:06.366451942+00:00,A0114,24,8,43.2507916,-7.3382366,POINT (-7.3382366 43.2507916)
2023-04-21 08:00:42.856627874+00:00,A0114,7,6,43.2512463,-7.338616,POINT (-7.338616 43.2512463)
2023-04-21 09:45:52.356488770+00:00,A0114,13,5,43.252919,-7.3437672,POINT (-7.3437672 43.252919)
2023-04-21 09:55:09.356373081+00:00,A0114,10,6,43.2547807,-7.3443173,POINT (-7.3443173 43.2547807)
2023-04-21 10:03:49.856973250+00:00,A0114,6,7,43.2546578,-7.3442803,POINT (-7.3442803 43.2546578)
2023-04-21 10:18:53.857630061+00:00,A0114,13,8,43.2545776,-7.3444181,POINT (-7.3444181 43.2545776)
2023-04-21 10:34:06.107328913+00:00,A0114,10,8,43.2546859,-7.3441244,POINT (-7.3441244 43.2546859)
2023-04-21 10:49:52.107934716+00:00,A0114,8,9,43.2548568,-7.3441274,POINT (-7.3441274 43.2548568)
2023-04-21 11:26:43.106932676+00:00,A0114,20,8,43.2549185,-7.3441739,POINT (-7.3441739 43.2549185)
2023-04-21 11:34:27.106925903+00:00,A0114,15,9,43.2546987,-7.3441407,POINT (-7.3441407 43.2546987)
2023-04-21 11:45:12.356642141+00:00,A0114,32,8,43.254609,-7.3443535,POINT (-7.3443535 43.254609)
2023-04-21 12:06:28.857189735+00:00,A0114,6,9,43.2546139,-7.344582,POINT (-7.344582 43.2546139)
2023-04-21 12:16:40.107369702+00:00,A0114,12,8,43.2549228,-7.344477,POINT (-7.344477 43.2549228)
2023-04-21 14:10:37.108267281+00:00,A0114,7,7,43.2547991,-7.3441614,POINT (-7.3441614 43.2547991)
2023-04-21 14:53:41.857189396+00:00,A0114,9,7,43.2548796,-7.3438269,POINT (-7.3438269 43.2548796)
2023-04-21 15:21:50.108403800+00:00,A0114,4,10,43.2546695,-7.3441438,POINT (-7.3441438 43.2546695)
2023-04-21 15:37:16.106363038+00:00,A0114,12,8,43.2546202,-7.3441698,POINT (-7.3441698 43.2546202)
2023-04-21 16:14:58.108267946+00:00,A0114,6,9,43.2545399,-7.3441472,POINT (-7.3441472 43.2545399)
2023-04-21 16:42:58.856773953+00:00,A0114,9,8,43.2546817,-7.3445534,POINT (-7.3445534 43.2546817)
2023-04-21 16:51:32.856916042+00:00,A0114,10,8,43.2546155,-7.3445163,POINT (-7.3445163 43.2546155)
2023-04-21 17:16:42.107750323+00:00,A0114,13,7,43.2514055,-7.3384433,POINT (-7.3384433 43.2514055)
2023-04-21 17:25:04.106699912+00:00,A0114,10,8,43.2513085,-7.3382939,POINT (-7.3382939 43.2513085)
2023-04-21 19:06:52.106854270+00:00,A0114,70,4,43.2527337,-7.3450426,POINT (-7.3450426 43.2527337)
2023-04-21 19:15:36.107118731+00:00,A0114,9,8,43.2547043,-7.3444304,POINT (-7.3444304 43.2547043)
2023-04-21 19:23:28.106523043+00:00,A0114,19,8,43.2547967,-7.3442781,POINT (-7.3442781 43.2547967)
2023-04-21 19:38:33.856964106+00:00,A0114,9,8,43.2551339,-7.3441701,POINT (-7.3441701 43.2551339)
2023-04-21 19:53:43.856981360+00:00,A0114,9,8,43.2549139,-7.3443793,POINT (-7.3443793 43.2549139)
2023-04-21 20:25:05.112420856+00:00,A0114,3,8,43.2550367,-7.3444598,POINT (-7.3444598 43.2550367)
2023-04-21 20:48:29.106918274+00:00,A0114,6,7,43.2550346,-7.3440471,POINT (-7.3440471 43.2550346)
2023-04-21 21:19:16.856286069+00:00,A0114,5,8,43.2550122,-7.344695,POINT (-7.344695 43.2550122)
2023-04-21 21:28:27.856618768+00:00,A0114,8,8,43.2548938,-7.344586,POINT (-7.344586 43.2548938)
2023-04-21 21:36:51.856391359+00:00,A0114,3,9,43.2549443,-7.3445563,POINT (-7.3445563 43.2549443)
2023-04-22 01:50:24.606556915+00:00,A0114,7,6,43.2547216,-7.344617,POINT (-7.344617 43.2547216)
2023-04-22 01:59:10.606412377+00:00,A0114,4,8,43.2546518,-7.3443417,POINT (-7.3443417 43.2546518)
2023-04-22 02:07:36.356974852+00:00,A0114,4,8,43.2545426,-7.344326,POINT (-7.344326 43.2545426)
2023-04-22 02:15:46.606252591+00:00,A0114,4,8,43.2545197,-7.3442359,POINT (-7.3442359 43.2545197)
2023-04-22 02:24:29.606337948+00:00,A0114,9,7,43.2546655,-7.3440683,POINT (-7.3440683 43.2546655)
2023-04-22 02:40:05.107379118+00:00,A0114,2,14,43.2548536,-7.3442312,POINT (-7.3442312 43.2548536)
2023-04-22 02:55:13.114874610+00:00,A0114,8,13,43.2549001,-7.3442423,POINT (-7.3442423 43.2549001)
2023-04-22 04:07:12.606333988+00:00,A0114,6,8,43.2550201,-7.3443248,POINT (-7.3443248 43.2550201)
2023-04-22 06:28:23.857878658+00:00,A0114,11,6,43.2550772,-7.3446293,POINT (-7.3446293 43.2550772)
2023-04-22 06:37:33.356477116+00:00,A0114,52,6,43.253053,-7.3435172,POINT (-7.3435172 43.253053)
2023-04-22 06:46:40.356528689+00:00,A0114,23,6,43.253443,-7.3424491,POINT (-7.3424491 43.253443)
2023-04-22 06:55:50.356401596+00:00,A0114,49,6,43.2518346,-7.3378547,POINT (-7.3378547 43.2518346)
2023-04-22 07:04:57.358443812+00:00,A0114,33,6,43.2512308,-7.3388974,POINT (-7.3388974 43.2512308)
2023-04-22 08:22:23.356340382+00:00,A0114,7,7,43.251231,-7.3384046,POINT (-7.3384046 43.251231)
2023-04-22 10:00:52.606391124+00:00,A0114,25,6,43.2531683,-7.3414613,POINT (-7.3414613 43.2531683)
2023-04-22 10:14:52.856438910+00:00,A0114,17,7,43.2551395,-7.3444267,POINT (-7.3444267 43.2551395)
2023-04-22 10:23:22.377918240+00:00,A0114,9,8,43.2551454,-7.3443752,POINT (-7.3443752 43.2551454)
2023-04-22 10:38:32.107729560+00:00,A0114,13,8,43.2552379,-7.3444337,POINT (-7.3444337 43.2552379)
2023-04-22 10:53:51.606468472+00:00,A0114,9,8,43.2552332,-7.344654,POINT (-7.344654 43.2552332)
2023-04-22 11:09:22.107550717+00:00,A0114,6,9,43.2553021,-7.3442237,POINT (-7.3442237 43.2553021)
2023-04-22 11:22:20.106710195+00:00,A0114,13,8,43.2552532,-7.3444083,POINT (-7.3444083 43.2552532)
2023-04-22 11:37:16.106297003+00:00,A0114,16,8,43.2551441,-7.344587,POINT (-7.344587 43.2551441)
2023-04-22 11:52:22.383628745+00:00,A0114,4,10,43.2553667,-7.3441962,POINT (-7.3441962 43.2553667)
2023-04-22 12:23:55.856464070+00:00,A0114,8,9,43.2552096,-7.3446108,POINT (-7.3446108 43.2552096)
2023-04-22 12:43:42.107375626+00:00,A0114,6,8,43.2550965,-7.34458,POINT (-7.34458 43.2550965)
2023-04-22 12:53:23.107079564+00:00,A0114,4,8,43.2546102,-7.3444561,POINT (-7.3444561 43.2546102)
2023-04-22 13:08:58.856407836+00:00,A0114,4,7,43.2548439,-7.3440196,POINT (-7.3440196 43.2548439)
2023-04-22 14:57:44.108093963+00:00,A0114,12,8,43.2551373,-7.3447365,POINT (-7.3447365 43.2551373)
2023-04-22 15:06:20.356802087+00:00,A0114,10,8,43.2552373,-7.3447276,POINT (-7.3447276 43.2552373)
2023-04-22 15:14:22.856363613+00:00,A0114,20,9,43.2548206,-7.343954,POINT (-7.343954 43.2548206)
2023-04-22 15:29:27.857422957+00:00,A0114,23,9,43.2546885,-7.3437422,POINT (-7.3437422 43.2546885)
2023-04-22 15:44:38.107671442+00:00,A0114,17,9,43.2552009,-7.344077,POINT (-7.344077 43.2552009)
2023-04-22 16:00:00.106578389+00:00,A0114,16,8,43.2547819,-7.3442389,POINT (-7.3442389 43.2547819)
2023-04-22 16:15:24.107018617+00:00,A0114,19,8,43.2549093,-7.3444581,POINT (-7.3444581 43.2549093)
2023-04-22 16:41:54.107030923+00:00,A0114,4,7,43.2551976,-7.3444553,POINT (-7.3444553 43.2551976)
2023-04-22 16:57:31.856967980+00:00,A0114,4,7,43.2548555,-7.3445579,POINT (-7.3445579 43.2548555)
2023-04-22 17:37:40.856322357+00:00,A0114,12,8,43.2545106,-7.3440817,POINT (-7.3440817 43.2545106)
2023-04-22 17:51:26.870234611+00:00,A0114,5,7,43.2552415,-7.344574,POINT (-7.344574 43.2552415)
2023-04-22 18:00:29.856804066+00:00,A0114,5,7,43.2553137,-7.3442812,POINT (-7.3442812 43.2553137)
2023-04-22 18:16:07.856362093+00:00,A0114,5,7,43.2555149,-7.3443806,POINT (-7.3443806 43.2555149)
2023-04-22 18:31:46.356668266+00:00,A0114,5,7,43.2554487,-7.3442799,POINT (-7.3442799 43.2554487)
2023-04-22 19:15:05.106754860+00:00,A0114,4,8,43.2554069,-7.3445396,POINT (-7.3445396 43.2554069)
2023-04-22 21:25:24.106852785+00:00,A0114,16,5,43.2553533,-7.3443795,POINT (-7.3443795 43.2553533)
2023-04-22 21:47:13.886601769+00:00,A0114,3,7,43.2552747,-7.3445719,POINT (-7.3445719 43.2552747)
2023-04-22 22:49:49.856399700+00:00,A0114,3,8,43.2553284,-7.3446958,POINT (-7.3446958 43.2553284)
2023-04-22 23:05:06.372984481+00:00,A0114,6,9,43.2554864,-7.3448296,POINT (-7.3448296 43.2554864)
2023-04-22 23:14:49.856522219+00:00,A0114,4,10,43.2554539,-7.3445699,POINT (-7.3445699 43.2554539)
2023-04-23 01:49:43.606514512+00:00,A0114,2,11,43.2554527,-7.3442487,POINT (-7.3442487 43.2554527)
2023-04-23 01:57:51.606802234+00:00,A0114,10,9,43.2553524,-7.3441855,POINT (-7.3441855 43.2553524)
2023-04-23 07:00:23.356933019+00:00,A0114,12,5,43.2513745,-7.3383757,POINT (-7.3383757 43.2513745)
2023-04-23 07:10:06.606236382+00:00,A0114,22,5,43.2510979,-7.3382469,POINT (-7.3382469 43.2510979)
2023-04-23 10:23:43.856374157+00:00,A0114,4,6,43.252501,-7.3371751,POINT (-7.3371751 43.252501)
2023-04-23 10:39:22.357034676+00:00,A0114,4,10,43.2524055,-7.3371925,POINT (-7.3371925 43.2524055)
2023-04-23 10:54:28.856366640+00:00,A0114,13,10,43.2522528,-7.3368805,POINT (-7.3368805 43.2522528)
2023-04-23 11:09:44.857975604+00:00,A0114,10,9,43.252539,-7.3372957,POINT (-7.3372957 43.252539)
2023-04-23 11:25:03.107435007+00:00,A0114,16,10,43.2523986,-7.3374228,POINT (-7.3374228 43.2523986)
2023-04-23 11:48:00.106478767+00:00,A0114,13,9,43.252463,-7.3369568,POINT (-7.3369568 43.252463)
2023-04-23 11:55:38.107216399+00:00,A0114,19,9,43.2523816,-7.3370814,POINT (-7.3370814 43.2523816)
2023-04-23 12:10:58.106570905+00:00,A0114,17,8,43.2522463,-7.3367202,POINT (-7.3367202 43.2522463)
2023-04-23 12:26:50.108991359+00:00,A0114,5,9,43.2524461,-7.3372808,POINT (-7.3372808 43.2524461)
2023-04-23 12:45:57.106433860+00:00,A0114,6,7,43.2524245,-7.3375684,POINT (-7.3375684 43.2524245)
2023-04-23 13:09:03.856769739+00:00,A0114,8,7,43.2523938,-7.3368718,POINT (-7.3368718 43.2523938)
2023-04-23 14:48:35.106432582+00:00,A0114,5,8,43.2524954,-7.337367,POINT (-7.337367 43.2524954)
2023-04-23 15:07:57.607338653+00:00,A0114,14,8,43.2525441,-7.3370013,POINT (-7.3370013 43.2525441)
2023-04-23 15:36:47.856465954+00:00,A0114,11,8,43.2524035,-7.3367433,POINT (-7.3367433 43.2524035)
2023-04-23 16:02:35.857088342+00:00,A0114,5,8,43.2523815,-7.3372449,POINT (-7.3372449 43.2523815)
2023-04-23 16:25:19.856733346+00:00,A0114,7,8,43.25259,-7.3372246,POINT (-7.3372246 43.25259)
2023-04-23 18:06:49.860841441+00:00,A0114,9,7,43.2524694,-7.3370921,POINT (-7.3370921 43.2524694)
2023-04-23 18:45:34.856610722+00:00,A0114,6,8,43.2527389,-7.3373889,POINT (-7.3373889 43.2527389)
2023-04-23 18:53:16.106781879+00:00,A0114,8,8,43.2526508,-7.3373738,POINT (-7.3373738 43.2526508)
2023-04-23 19:08:38.107744412+00:00,A0114,9,8,43.2522935,-7.3369204,POINT (-7.3369204 43.2522935)
2023-04-23 19:57:52.106838811+00:00,A0114,4,8,43.2525132,-7.3371761,POINT (-7.3371761 43.2525132)
2023-04-23 20:13:24.106765133+00:00,A0114,5,8,43.2527513,-7.3373146,POINT (-7.3373146 43.2527513)
2023-04-23 20:32:01.858153704+00:00,A0114,5,8,43.2524987,-7.337186,POINT (-7.337186 43.2524987)
2023-04-23 20:41:53.106458059+00:00,A0114,5,9,43.2523839,-7.3371646,POINT (-7.3371646 43.2523839)
2023-04-24 01:27:51.356419756+00:00,A0114,18,5,43.2523682,-7.3372704,POINT (-7.3372704 43.2523682)
2023-04-24 01:45:33.106290805+00:00,A0114,7,6,43.2524268,-7.3370341,POINT (-7.3370341 43.2524268)
2023-04-24 02:01:47.606364868+00:00,A0114,5,6,43.2524059,-7.3369209,POINT (-7.3369209 43.2524059)
2023-04-24 02:14:36.107220167+00:00,A0114,4,9,43.2522808,-7.3374033,POINT (-7.3374033 43.2522808)
2023-04-24 02:26:59.606455669+00:00,A0114,3,8,43.2522923,-7.3372307,POINT (-7.3372307 43.2522923)
2023-04-24 05:21:13.606718916+00:00,A0114,4,7,43.2522652,-7.3373143,POINT (-7.3373143 43.2522652)
2023-04-24 05:42:32.606511224+00:00,A0114,9,7,43.2519208,-7.3362371,POINT (-7.3362371 43.2519208)
2023-04-24 06:14:01.374891407+00:00,A0114,8,8,43.2519417,-7.3362467,POINT (-7.3362467 43.2519417)
2023-04-24 06:26:53.606466026+00:00,A0114,7,8,43.2519653,-7.338454,POINT (-7.338454 43.2519653)
2023-04-24 06:41:05.356881177+00:00,A0114,27,6,43.251306,-7.3384503,POINT (-7.3384503 43.251306)
2023-04-24 09:15:07.106657144+00:00,A0114,4,5,43.2526488,-7.344877,POINT (-7.344877 43.2526488)
2023-04-24 09:23:44.606557891+00:00,A0114,5,8,43.2548416,-7.3446886,POINT (-7.3446886 43.2548416)
2023-04-24 09:32:15.606386674+00:00,A0114,3,8,43.2547836,-7.3447997,POINT (-7.3447997 43.2547836)
2023-04-24 09:47:29.356567705+00:00,A0114,7,8,43.254922,-7.34479,POINT (-7.34479 43.254922)
2023-04-24 10:03:04.866405151+00:00,A0114,4,9,43.2546736,-7.3448132,POINT (-7.3448132 43.2546736)
2023-04-24 10:18:21.884513630+00:00,A0114,6,8,43.2549041,-7.3446911,POINT (-7.3446911 43.2549041)
2023-04-24 10:33:37.856667888+00:00,A0114,7,8,43.2548699,-7.3450585,POINT (-7.3450585 43.2548699)
2023-04-24 10:49:05.606310165+00:00,A0114,5,8,43.254806,-7.3453656,POINT (-7.3453656 43.254806)
2023-04-24 11:04:36.606889588+00:00,A0114,3,8,43.2547478,-7.3451019,POINT (-7.3451019 43.2547478)
2023-04-24 11:20:05.365990995+00:00,A0114,5,8,43.254655,-7.3447186,POINT (-7.3447186 43.254655)
2023-04-24 11:35:16.356712791+00:00,A0114,8,8,43.2547496,-7.3450656,POINT (-7.3450656 43.2547496)
2023-04-24 13:01:59.856463668+00:00,A0114,9,7,43.2548389,-7.3452844,POINT (-7.3452844 43.2548389)
2023-04-24 13:17:06.606462360+00:00,A0114,5,10,43.2548448,-7.3451953,POINT (-7.3451953 43.2548448)
2023-04-24 13:32:16.356692116+00:00,A0114,8,9,43.2548617,-7.3451857,POINT (-7.3451857 43.2548617)
2023-04-24 13:47:36.856398880+00:00,A0114,11,9,43.254935,-7.3449662,POINT (-7.3449662 43.254935)
2023-04-24 14:03:09.356962345+00:00,A0114,11,9,43.2548707,-7.3450386,POINT (-7.3450386 43.2548707)
2023-04-24 14:18:18.606518697+00:00,A0114,10,8,43.2546574,-7.3447088,POINT (-7.3447088 43.2546574)
2023-04-24 14:42:44.606488233+00:00,A0114,10,8,43.2547991,-7.3452056,POINT (-7.3452056 43.2547991)
2023-04-24 14:54:48.606541624+00:00,A0114,12,8,43.2548399,-7.3450874,POINT (-7.3450874 43.2548399)
2023-04-24 16:27:51.607378063+00:00,A0114,7,7,43.2549024,-7.3449838,POINT (-7.3449838 43.2549024)
2023-04-24 16:43:28.606362507+00:00,A0114,11,7,43.2549781,-7.3447119,POINT (-7.3447119 43.2549781)
2023-04-24 16:55:38.606340317+00:00,A0114,10,7,43.2547827,-7.3446767,POINT (-7.3446767 43.2547827)
2023-04-24 17:05:45.856516296+00:00,A0114,17,7,43.2527291,-7.3448094,POINT (-7.3448094 43.2527291)
2023-04-24 17:18:28.356529452+00:00,A0114,11,7,43.2531449,-7.3405472,POINT (-7.3405472 43.2531449)
2023-04-24 17:27:39.356564089+00:00,A0114,10,6,43.2513167,-7.3383507,POINT (-7.3383507 43.2513167)
2023-04-24 18:58:14.606497994+00:00,A0114,16,6,43.2524405,-7.3430631,POINT (-7.3430631 43.2524405)
2023-04-24 19:06:59.106758681+00:00,A0114,8,7,43.2548109,-7.3447964,POINT (-7.3447964 43.2548109)
2023-04-24 19:15:50.360936707+00:00,A0114,9,7,43.2550095,-7.3451477,POINT (-7.3451477 43.2550095)
2023-04-24 19:32:59.856440315+00:00,A0114,7,9,43.255041,-7.3448267,POINT (-7.3448267 43.255041)
2023-04-24 19:55:46.606515518+00:00,A0114,47,8,43.2552133,-7.3454124,POINT (-7.3454124 43.2552133)
2023-04-24 20:03:35.356450645+00:00,A0114,25,8,43.255012,-7.3453656,POINT (-7.3453656 43.255012)
2023-04-24 20:21:01.606533096+00:00,A0114,21,8,43.2550686,-7.3454671,POINT (-7.3454671 43.2550686)
2023-04-24 20:44:22.607876924+00:00,A0114,5,8,43.2549509,-7.3450995,POINT (-7.3450995 43.2549509)
2023-04-24 20:59:41.356920746+00:00,A0114,8,8,43.2550667,-7.345117,POINT (-7.345117 43.2550667)
2023-04-24 21:13:54.356469907+00:00,A0114,6,9,43.2547203,-7.3451782,POINT (-7.3451782 43.2547203)
2023-04-24 22:38:57.107206871+00:00,A0114,5,7,43.2550405,-7.3452194,POINT (-7.3452194 43.2550405)
2023-04-24 22:47:22.609077543+00:00,A0114,3,8,43.2550149,-7.3450831,POINT (-7.3450831 43.2550149)
2023-04-24 23:01:38.608051346+00:00,A0114,7,7,43.2550526,-7.3448749,POINT (-7.3448749 43.2550526)
2023-04-25 00:56:51.356436590+00:00,A0114,4,8,43.2550525,-7.3446354,POINT (-7.3446354 43.2550525)
2023-04-25 01:06:29.107850109+00:00,A0114,2,8,43.2550342,-7.3448746,POINT (-7.3448746 43.2550342)
2023-04-25 03:01:14.856583108+00:00,A0114,5,6,43.2551393,-7.3453136,POINT (-7.3453136 43.2551393)
2023-04-25 03:09:23.356577908+00:00,A0114,3,8,43.2550941,-7.3454853,POINT (-7.3454853 43.2550941)
2023-04-25 03:17:13.856453752+00:00,A0114,5,8,43.2549462,-7.3453199,POINT (-7.3453199 43.2549462)
2023-04-25 06:30:22.124412073+00:00,A0114,8,7,43.255006,-7.345093,POINT (-7.345093 43.255006)
2023-04-25 06:50:08.106778063+00:00,A0114,5,7,43.2531493,-7.344825,POINT (-7.344825 43.2531493)
2023-04-25 06:59:04.106974968+00:00,A0114,7,6,43.2529795,-7.3436603,POINT (-7.3436603 43.2529795)
2023-04-25 07:15:14.106715277+00:00,A0114,7,7,43.2512838,-7.338477,POINT (-7.338477 43.2512838)
2023-04-25 07:23:52.106608434+00:00,A0114,8,10,43.2511276,-7.3383519,POINT (-7.3383519 43.2511276)
2023-04-25 08:02:42.857110326+00:00,A0114,11,11,43.2512451,-7.3384642,POINT (-7.3384642 43.2512451)
2023-04-25 10:18:30.108076193+00:00,A0114,6,6,43.2551453,-7.3450491,POINT (-7.3450491 43.2551453)
2023-04-25 10:26:53.106865592+00:00,A0114,4,7,43.2551665,-7.3450825,POINT (-7.3450825 43.2551665)
2023-04-25 10:42:22.106920083+00:00,A0114,4,8,43.2551634,-7.3448033,POINT (-7.3448033 43.2551634)
2023-04-25 10:57:36.356448930+00:00,A0114,8,8,43.2551838,-7.3453234,POINT (-7.3453234 43.2551838)
2023-04-25 11:13:05.871369742+00:00,A0114,3,10,43.2551669,-7.3453949,POINT (-7.3453949 43.2551669)
2023-04-25 11:28:17.142199376+00:00,A0114,12,10,43.2552511,-7.3454317,POINT (-7.3454317 43.2552511)
2023-04-25 11:43:39.946082921+00:00,A0114,10,8,43.2551348,-7.3449321,POINT (-7.3449321 43.2551348)
2023-04-25 12:01:29.341881863+00:00,A0114,7,8,43.2551567,-7.3448847,POINT (-7.3448847 43.2551567)
2023-04-25 12:09:25.963836299+00:00,A0114,10,8,43.2551361,-7.3449357,POINT (-7.3449357 43.2551361)
2023-04-25 12:24:49.172237861+00:00,A0114,11,8,43.2551639,-7.3452306,POINT (-7.3452306 43.2551639)
2023-04-25 12:33:42.860470363+00:00,A0114,24,8,43.2553108,-7.3450542,POINT (-7.3450542 43.2553108)
2023-04-25 13:58:29.740005860+00:00,A0114,4,9,43.2552451,-7.3450133,POINT (-7.3450133 43.2552451)
2023-04-25 14:09:52.804038708+00:00,A0114,3,12,43.2551917,-7.345112,POINT (-7.345112 43.2551917)
2023-04-25 14:29:12.904577185+00:00,A0114,17,10,43.25513,-7.3453152,POINT (-7.3453152 43.25513)
2023-04-25 14:58:43.141618297+00:00,A0114,11,9,43.2552685,-7.3453468,POINT (-7.3453468 43.2552685)
2023-04-25 15:02:33.883618063+00:00,A0114,13,8,43.2551808,-7.3452624,POINT (-7.3452624 43.2551808)
2023-04-25 16:24:21.920098431+00:00,A0114,4,7,43.2552227,-7.3454077,POINT (-7.3454077 43.2552227)
2023-04-25 16:43:14.830223587+00:00,A0114,4,10,43.2549899,-7.3451716,POINT (-7.3451716 43.2549899)
2023-04-25 17:00:39.882338701+00:00,A0114,13,10,43.2546786,-7.3449019,POINT (-7.3449019 43.2546786)
2023-04-25 17:08:59.819594967+00:00,A0114,7,9,43.2546413,-7.3447193,POINT (-7.3447193 43.2546413)
2023-04-25 17:22:42.736488973+00:00,A0114,7,8,43.252831,-7.3452235,POINT (-7.3452235 43.252831)
2023-04-25 17:32:06.835088253+00:00,A0114,5,8,43.253335,-7.3407845,POINT (-7.3407845 43.253335)
2023-04-25 17:41:16.345297745+00:00,A0114,6,6,43.2517806,-7.338155,POINT (-7.338155 43.2517806)
2023-04-25 17:50:14.754256807+00:00,A0114,5,7,43.2511517,-7.338462,POINT (-7.338462 43.2511517)
2023-04-25 18:07:37.744799090+00:00,A0114,7,7,43.2512153,-7.3384059,POINT (-7.3384059 43.2512153)
2023-04-25 19:10:56.916014376+00:00,A0114,7,5,43.2512568,-7.3385571,POINT (-7.3385571 43.2512568)
2023-04-25 19:32:41.093085458+00:00,A0114,14,5,43.252933,-7.3450486,POINT (-7.3450486 43.252933)
2023-04-25 19:49:19.935359646+00:00,A0114,3,8,43.255336,-7.345241,POINT (-7.345241 43.255336)
2023-04-25 20:04:52.834445002+00:00,A0114,3,9,43.2553384,-7.3452277,POINT (-7.3452277 43.2553384)
2023-04-25 20:20:02.846626335+00:00,A0114,8,8,43.2553715,-7.3448422,POINT (-7.3448422 43.2553715)
2023-04-25 20:35:24.885981478+00:00,A0114,8,8,43.2554462,-7.34484,POINT (-7.34484 43.2554462)
2023-04-25 20:50:51.155688500+00:00,A0114,6,8,43.2553082,-7.3453564,POINT (-7.3453564 43.2553082)
2023-04-25 21:13:10.815804049+00:00,A0114,8,8,43.2553473,-7.3456785,POINT (-7.3456785 43.2553473)
2023-04-25 21:28:21.782071274+00:00,A0114,9,8,43.2552709,-7.3454878,POINT (-7.3454878 43.2552709)
2023-04-25 21:45:14.751617904+00:00,A0114,11,8,43.2551783,-7.3453202,POINT (-7.3453202 43.2551783)
2023-04-20 00:20:12.083967935+00:00,A0117,5,8,43.2513774,-7.3369881,POINT (-7.3369881 43.2513774)
2023-04-20 00:46:42.574802417+00:00,A0117,14,8,43.2512222,-7.3364099,POINT (-7.3364099 43.2512222)
2023-04-20 01:02:06.074299972+00:00,A0117,6,8,43.2514535,-7.3370608,POINT (-7.3370608 43.2514535)
2023-04-20 01:17:39.075698463+00:00,A0117,5,9,43.25134,-7.3367602,POINT (-7.3367602 43.25134)
2023-04-20 06:37:31.574400070+00:00,A0117,9,5,43.2511217,-7.3383573,POINT (-7.3383573 43.2511217)
2023-04-20 09:15:36.838940523+00:00,A0117,3,9,43.2515857,-7.3367314,POINT (-7.3367314 43.2515857)
2023-04-20 09:30:36.075057452+00:00,A0117,7,8,43.2515818,-7.3370049,POINT (-7.3370049 43.2515818)
2023-04-20 10:03:12.076264349+00:00,A0117,4,9,43.2515198,-7.3370226,POINT (-7.3370226 43.2515198)
2023-04-20 10:18:26.082833268+00:00,A0117,6,9,43.2515245,-7.337008,POINT (-7.337008 43.2515245)
2023-04-20 10:33:41.076844509+00:00,A0117,13,9,43.2515243,-7.336943,POINT (-7.336943 43.2515243)
2023-04-20 10:51:35.075963629+00:00,A0117,18,8,43.2515708,-7.3367062,POINT (-7.3367062 43.2515708)
2023-04-20 11:06:46.075264438+00:00,A0117,21,8,43.2517279,-7.3369295,POINT (-7.3369295 43.2517279)
2023-04-20 11:22:00.075728784+00:00,A0117,23,8,43.2516382,-7.3368049,POINT (-7.3368049 43.2516382)
2023-04-20 11:37:20.094140605+00:00,A0117,36,8,43.2515691,-7.3369207,POINT (-7.3369207 43.2515691)
2023-04-20 11:55:59.324306868+00:00,A0117,6,10,43.2516629,-7.3369161,POINT (-7.3369161 43.2516629)
2023-04-20 12:10:51.075178771+00:00,A0117,4,13,43.251744,-7.3368102,POINT (-7.3368102 43.251744)
2023-04-20 12:26:07.074850963+00:00,A0117,7,12,43.2515299,-7.3370302,POINT (-7.3370302 43.2515299)
2023-04-20 12:41:23.074873046+00:00,A0117,7,10,43.2516383,-7.3369121,POINT (-7.3369121 43.2516383)
2023-04-20 13:14:06.324592220+00:00,A0117,14,9,43.2515633,-7.3364686,POINT (-7.3364686 43.2515633)
2023-04-20 14:56:48.324409713+00:00,A0117,6,8,43.2517875,-7.3365709,POINT (-7.3365709 43.2517875)
2023-04-20 15:12:56.325034815+00:00,A0117,6,9,43.2517094,-7.3363628,POINT (-7.3363628 43.2517094)
2023-04-20 15:28:16.075566584+00:00,A0117,12,8,43.2515002,-7.3364937,POINT (-7.3364937 43.2515002)
2023-04-20 15:43:34.075440889+00:00,A0117,7,8,43.2515038,-7.3367707,POINT (-7.3367707 43.2515038)
2023-04-20 16:11:22.824796010+00:00,A0117,11,8,43.2514457,-7.3364553,POINT (-7.3364553 43.2514457)
2023-04-20 16:26:59.356664791+00:00,A0117,4,10,43.251442,-7.336731,POINT (-7.336731 43.251442)
2023-04-20 16:42:14.107597290+00:00,A0117,7,9,43.2515224,-7.3366925,POINT (-7.3366925 43.2515224)
2023-04-20 16:53:24.356352054+00:00,A0117,12,9,43.251475,-7.3362,POINT (-7.3362 43.251475)
2023-04-20 17:05:18.106899361+00:00,A0117,9,9,43.2513577,-7.3370665,POINT (-7.3370665 43.2513577)
2023-04-20 17:40:44.606533998+00:00,A0117,9,8,43.2512065,-7.3383873,POINT (-7.3383873 43.2512065)
2023-04-20 19:30:12.606375132+00:00,A0117,4,12,43.2520223,-7.3367659,POINT (-7.3367659 43.2520223)
2023-04-20 19:45:27.107515348+00:00,A0117,5,11,43.251802,-7.3362323,POINT (-7.3362323 43.251802)
2023-04-20 20:00:42.106412306+00:00,A0117,5,10,43.2518042,-7.336439,POINT (-7.336439 43.2518042)
2023-04-20 20:15:57.356646343+00:00,A0117,4,10,43.2519544,-7.3367631,POINT (-7.3367631 43.2519544)
2023-04-20 20:31:17.108209014+00:00,A0117,4,10,43.2518728,-7.3367622,POINT (-7.3367622 43.2518728)
2023-04-20 20:48:17.856424590+00:00,A0117,4,10,43.251786,-7.3368895,POINT (-7.3368895 43.251786)
2023-04-20 21:15:43.106349591+00:00,A0117,6,9,43.2516123,-7.3365604,POINT (-7.3365604 43.2516123)
2023-04-20 21:36:26.106468648+00:00,A0117,3,10,43.2517835,-7.3365576,POINT (-7.3365576 43.2517835)
2023-04-20 22:06:44.106859460+00:00,A0117,3,8,43.251769,-7.3367268,POINT (-7.3367268 43.251769)
2023-04-20 22:22:51.360056027+00:00,A0117,3,9,43.2516724,-7.3367583,POINT (-7.3367583 43.2516724)
2023-04-20 22:50:43.106533053+00:00,A0117,2,10,43.251796,-7.3363886,POINT (-7.3363886 43.251796)
2023-04-20 23:06:04.107708739+00:00,A0117,3,10,43.2518761,-7.3365298,POINT (-7.3365298 43.2518761)
2023-04-20 23:21:21.107601584+00:00,A0117,3,10,43.2518817,-7.3366949,POINT (-7.3366949 43.2518817)
2023-04-21 06:29:12.356387608+00:00,A0117,2,10,43.2511342,-7.3373173,POINT (-7.3373173 43.2511342)
2023-04-21 06:37:15.861628147+00:00,A0117,2,10,43.2512214,-7.3383255,POINT (-7.3383255 43.2512214)
2023-04-21 06:45:31.106853733+00:00,A0117,9,10,43.251131,-7.3383796,POINT (-7.3383796 43.251131)
2023-04-21 09:48:05.606405148+00:00,A0117,5,9,43.2526351,-7.345254,POINT (-7.345254 43.2526351)
2023-04-21 10:03:05.606411008+00:00,A0117,11,9,43.2545673,-7.3444067,POINT (-7.3444067 43.2545673)
2023-04-21 10:18:20.356937067+00:00,A0117,12,8,43.2546605,-7.3444638,POINT (-7.3444638 43.2546605)
2023-04-21 10:41:28.606367423+00:00,A0117,4,10,43.2547973,-7.3443594,POINT (-7.3443594 43.2547973)
2023-04-21 10:49:12.606543030+00:00,A0117,6,9,43.2546687,-7.3442143,POINT (-7.3442143 43.2546687)
2023-04-21 11:16:02.606564016+00:00,A0117,6,8,43.2546524,-7.3443434,POINT (-7.3443434 43.2546524)
2023-04-21 11:52:11.357014521+00:00,A0117,3,11,43.2547373,-7.3446115,POINT (-7.3446115 43.2547373)
2023-04-21 13:07:41.356449639+00:00,A0117,3,9,43.254624,-7.344092,POINT (-7.344092 43.254624)
2023-04-21 13:23:01.606519100+00:00,A0117,6,8,43.2548577,-7.3438637,POINT (-7.3438637 43.2548577)
2023-04-21 13:38:19.606319730+00:00,A0117,9,8,43.2547391,-7.343936,POINT (-7.343936 43.2547391)
2023-04-21 13:53:41.606655437+00:00,A0117,13,8,43.2546706,-7.3442052,POINT (-7.3442052 43.2546706)
2023-04-21 14:12:35.356756272+00:00,A0117,5,8,43.2547586,-7.3441765,POINT (-7.3441765 43.2547586)
2023-04-21 14:28:03.857259230+00:00,A0117,8,8,43.2547792,-7.3438234,POINT (-7.3438234 43.2547792)
2023-04-21 16:20:55.856316023+00:00,A0117,7,10,43.2548016,-7.3443245,POINT (-7.3443245 43.2548016)
2023-04-21 16:36:12.606386573+00:00,A0117,8,11,43.2545778,-7.3442379,POINT (-7.3442379 43.2545778)
2023-04-21 16:51:28.357062835+00:00,A0117,9,11,43.2545305,-7.3441824,POINT (-7.3441824 43.2545305)
2023-04-21 17:17:27.356897520+00:00,A0117,23,9,43.2529932,-7.3401281,POINT (-7.3401281 43.2529932)
2023-04-21 17:26:17.606318628+00:00,A0117,5,8,43.2511752,-7.3383486,POINT (-7.3383486 43.2511752)
2023-04-21 19:07:50.108355172+00:00,A0117,8,5,43.2526037,-7.3445565,POINT (-7.3445565 43.2526037)
2023-04-21 19:16:50.606611924+00:00,A0117,4,9,43.2547604,-7.3443233,POINT (-7.3443233 43.2547604)
2023-04-21 19:25:15.371064471+00:00,A0117,3,9,43.2549577,-7.3446436,POINT (-7.3446436 43.2549577)
2023-04-21 19:40:29.383464110+00:00,A0117,4,8,43.2548236,-7.3445578,POINT (-7.3445578 43.2548236)
2023-04-21 19:55:55.606283159+00:00,A0117,6,8,43.2549833,-7.3445165,POINT (-7.3445165 43.2549833)
2023-04-21 20:11:28.606353592+00:00,A0117,3,8,43.2549349,-7.3446197,POINT (-7.3446197 43.2549349)
2023-04-21 20:26:54.612971953+00:00,A0117,5,9,43.2550537,-7.3445993,POINT (-7.3445993 43.2550537)
2023-04-21 20:42:18.606970468+00:00,A0117,4,9,43.2549646,-7.3443139,POINT (-7.3443139 43.2549646)
2023-04-21 22:27:42.876938070+00:00,A0117,2,8,43.2550019,-7.3442318,POINT (-7.3442318 43.2550019)
2023-04-21 22:43:03.606333397+00:00,A0117,3,8,43.2550222,-7.3445548,POINT (-7.3445548 43.2550222)
2023-04-22 01:51:36.606703664+00:00,A0117,4,7,43.2550292,-7.3445865,POINT (-7.3445865 43.2550292)
2023-04-22 02:07:20.856431842+00:00,A0117,3,13,43.2550608,-7.3445915,POINT (-7.3445915 43.2550608)
2023-04-22 06:58:32.117046111+00:00,A0117,49,4,43.2513402,-7.3379884,POINT (-7.3379884 43.2513402)
2023-04-22 08:49:28.356393311+00:00,A0117,3,8,43.2512353,-7.3386013,POINT (-7.3386013 43.2512353)
2023-04-22 10:06:11.878852144+00:00,A0117,8,5,43.2526465,-7.3448835,POINT (-7.3448835 43.2526465)
2023-04-22 10:14:27.856287596+00:00,A0117,8,9,43.2552476,-7.3446776,POINT (-7.3446776 43.2552476)
2023-04-22 10:22:50.106672239+00:00,A0117,6,10,43.2550414,-7.3446691,POINT (-7.3446691 43.2550414)
2023-04-22 10:38:00.856380250+00:00,A0117,5,9,43.2551392,-7.3445514,POINT (-7.3445514 43.2551392)
2023-04-22 10:53:22.106887270+00:00,A0117,5,9,43.2551581,-7.3445676,POINT (-7.3445676 43.2551581)
2023-04-22 11:08:40.606409857+00:00,A0117,5,8,43.2551451,-7.3446683,POINT (-7.3446683 43.2551451)
2023-04-22 11:44:11.606752232+00:00,A0117,6,9,43.2552815,-7.3441775,POINT (-7.3441775 43.2552815)
2023-04-22 11:59:29.356938228+00:00,A0117,13,9,43.2548237,-7.3441035,POINT (-7.3441035 43.2548237)
2023-04-22 12:14:46.606849638+00:00,A0117,13,8,43.2547586,-7.3445825,POINT (-7.3445825 43.2547586)
2023-04-22 12:30:02.359236750+00:00,A0117,7,8,43.2548842,-7.3445263,POINT (-7.3445263 43.2548842)
2023-04-22 12:45:41.606903118+00:00,A0117,6,8,43.2548561,-7.3444551,POINT (-7.3444551 43.2548561)
2023-04-22 13:01:12.606336206+00:00,A0117,8,9,43.254913,-7.3443337,POINT (-7.3443337 43.254913)
2023-04-22 13:16:26.356432145+00:00,A0117,14,9,43.254811,-7.3443303,POINT (-7.3443303 43.254811)
2023-04-22 14:57:13.616886854+00:00,A0117,6,8,43.2548189,-7.3445043,POINT (-7.3445043 43.2548189)
2023-04-22 15:12:59.106964273+00:00,A0117,6,9,43.2550727,-7.3442401,POINT (-7.3442401 43.2550727)
2023-04-22 15:28:16.606324820+00:00,A0117,6,9,43.2550408,-7.3444091,POINT (-7.3444091 43.2550408)
2023-04-22 15:45:45.856437244+00:00,A0117,8,9,43.2548949,-7.344456,POINT (-7.344456 43.2548949)
2023-04-22 16:01:03.606746272+00:00,A0117,5,9,43.254785,-7.3444386,POINT (-7.3444386 43.254785)
2023-04-22 16:16:23.606415672+00:00,A0117,9,8,43.2547681,-7.343832,POINT (-7.343832 43.2547681)
2023-04-22 16:46:03.606463959+00:00,A0117,4,9,43.2549572,-7.3445558,POINT (-7.3445558 43.2549572)
2023-04-22 17:59:49.606403805+00:00,A0117,7,8,43.2552805,-7.3446153,POINT (-7.3446153 43.2552805)
2023-04-22 18:15:11.606387367+00:00,A0117,4,9,43.255433,-7.3447818,POINT (-7.3447818 43.255433)
2023-04-22 18:30:26.856466671+00:00,A0117,5,9,43.2552874,-7.344714,POINT (-7.344714 43.2552874)
2023-04-22 18:45:45.606810946+00:00,A0117,6,9,43.2553934,-7.3446242,POINT (-7.3446242 43.2553934)
2023-04-22 19:01:16.606258792+00:00,A0117,8,8,43.2554119,-7.3444889,POINT (-7.3444889 43.2554119)
2023-04-22 19:16:34.606425455+00:00,A0117,6,8,43.2552851,-7.3446187,POINT (-7.3446187 43.2552851)
2023-04-22 19:32:11.615433774+00:00,A0117,4,9,43.2556104,-7.3445054,POINT (-7.3445054 43.2556104)
2023-04-22 19:47:33.606310120+00:00,A0117,4,10,43.2553455,-7.3444026,POINT (-7.3444026 43.2553455)
2023-04-22 21:39:56.606488805+00:00,A0117,3,8,43.255277,-7.344037,POINT (-7.344037 43.255277)
2023-04-23 01:12:55.856412169+00:00,A0117,1,9,43.2550562,-7.3440729,POINT (-7.3440729 43.2550562)
2023-04-23 01:28:12.107612347+00:00,A0117,3,9,43.2549761,-7.3439916,POINT (-7.3439916 43.2549761)
2023-04-23 01:45:55.106974076+00:00,A0117,3,9,43.2547962,-7.3438798,POINT (-7.3438798 43.2547962)
2023-04-23 03:47:06.356674340+00:00,A0117,3,8,43.2548052,-7.3437743,POINT (-7.3437743 43.2548052)
2023-04-23 04:02:59.606390277+00:00,A0117,2,11,43.2549931,-7.3440235,POINT (-7.3440235 43.2549931)
2023-04-23 06:49:16.106727819+00:00,A0117,8,6,43.2532951,-7.3431405,POINT (-7.3431405 43.2532951)
2023-04-23 07:01:22.856481160+00:00,A0117,4,6,43.2514228,-7.3385083,POINT (-7.3385083 43.2514228)
2023-04-23 07:07:11.607234570+00:00,A0117,6,8,43.2511362,-7.3383408,POINT (-7.3383408 43.2511362)
2023-04-23 09:08:24.856313887+00:00,A0117,6,8,43.2511838,-7.3386046,POINT (-7.3386046 43.2511838)
2023-04-23 09:34:50.365542020+00:00,A0117,12,8,43.2512474,-7.3386026,POINT (-7.3386026 43.2512474)
2023-04-23 10:37:13.110098796+00:00,A0117,5,10,43.2524012,-7.3374362,POINT (-7.3374362 43.2524012)
2023-04-23 10:52:29.363285271+00:00,A0117,6,10,43.2522494,-7.3371315,POINT (-7.3371315 43.2522494)
2023-04-23 11:07:48.856436442+00:00,A0117,8,10,43.2522503,-7.3368434,POINT (-7.3368434 43.2522503)
2023-04-23 11:18:19.856399737+00:00,A0117,7,10,43.2522421,-7.3368083,POINT (-7.3368083 43.2522421)
2023-04-23 11:35:48.606375411+00:00,A0117,7,10,43.2523058,-7.3373981,POINT (-7.3373981 43.2523058)
2023-04-23 12:14:06.606321185+00:00,A0117,7,9,43.2522324,-7.3371291,POINT (-7.3371291 43.2522324)
2023-04-23 12:29:26.606603020+00:00,A0117,7,8,43.2524277,-7.3370867,POINT (-7.3370867 43.2524277)
2023-04-23 12:57:21.606530092+00:00,A0117,3,11,43.2522048,-7.3370307,POINT (-7.3370307 43.2522048)
2023-04-23 13:12:42.365373087+00:00,A0117,4,10,43.25211,-7.3368908,POINT (-7.3368908 43.25211)
2023-04-23 13:27:58.606941565+00:00,A0117,7,9,43.2520406,-7.3366254,POINT (-7.3366254 43.2520406)
2023-04-23 14:50:38.611146188+00:00,A0117,11,9,43.2525582,-7.3375008,POINT (-7.3375008 43.2525582)
2023-04-23 15:06:26.606928368+00:00,A0117,9,9,43.25275,-7.3368404,POINT (-7.3368404 43.25275)
2023-04-23 15:23:11.856815275+00:00,A0117,5,10,43.2522791,-7.3364051,POINT (-7.3364051 43.2522791)
2023-04-23 15:47:42.606547502+00:00,A0117,8,10,43.2519961,-7.3363035,POINT (-7.3363035 43.2519961)
2023-04-23 16:07:49.356886707+00:00,A0117,12,9,43.2521442,-7.3364218,POINT (-7.3364218 43.2521442)
2023-04-23 16:25:06.606468325+00:00,A0117,9,9,43.2521411,-7.336654,POINT (-7.336654 43.2521411)
2023-04-23 18:33:36.606334665+00:00,A0117,7,9,43.2522452,-7.337008,POINT (-7.337008 43.2522452)
2023-04-23 18:51:19.856351595+00:00,A0117,7,9,43.2523697,-7.3370724,POINT (-7.3370724 43.2523697)
2023-04-23 19:06:33.606435138+00:00,A0117,6,9,43.2522001,-7.3368669,POINT (-7.3368669 43.2522001)
2023-04-24 01:26:07.356443989+00:00,A0117,2,9,43.2525645,-7.3374107,POINT (-7.3374107 43.2525645)
2023-04-24 01:55:50.356360646+00:00,A0117,3,9,43.2523673,-7.3374302,POINT (-7.3374302 43.2523673)
2023-04-24 02:40:02.106734089+00:00,A0117,4,8,43.2523278,-7.3373128,POINT (-7.3373128 43.2523278)
2023-04-24 02:57:19.107101244+00:00,A0117,5,8,43.2525777,-7.3370204,POINT (-7.3370204 43.2525777)
2023-04-24 03:12:26.856940379+00:00,A0117,6,8,43.2521298,-7.3370081,POINT (-7.3370081 43.2521298)
2023-04-24 03:41:28.107221334+00:00,A0117,1,9,43.2521024,-7.3367431,POINT (-7.3367431 43.2521024)
2023-04-24 05:35:08.607164990+00:00,A0117,2,9,43.2521996,-7.3372657,POINT (-7.3372657 43.2521996)
2023-04-24 06:28:29.610657997+00:00,A0117,2,9,43.2514525,-7.3380412,POINT (-7.3380412 43.2514525)
2023-04-24 06:38:49.356430399+00:00,A0117,9,8,43.251152,-7.3383335,POINT (-7.3383335 43.251152)
2023-04-24 07:38:49.106882259+00:00,A0117,7,8,43.2511857,-7.3385874,POINT (-7.3385874 43.2511857)
2023-04-24 09:14:29.878590149+00:00,A0117,9,8,43.2526522,-7.3449305,POINT (-7.3449305 43.2526522)
2023-04-24 09:22:50.606497383+00:00,A0117,20,8,43.2547553,-7.344809,POINT (-7.344809 43.2547553)
2023-04-24 09:31:05.107092746+00:00,A0117,14,8,43.2548144,-7.3448403,POINT (-7.3448403 43.2548144)
2023-04-24 09:46:16.107030825+00:00,A0117,14,8,43.2547717,-7.344587,POINT (-7.344587 43.2547717)
2023-04-24 10:01:58.606325705+00:00,A0117,7,8,43.2546966,-7.3445946,POINT (-7.3445946 43.2546966)
2023-04-24 10:32:42.356530526+00:00,A0117,4,10,43.2548916,-7.3448469,POINT (-7.3448469 43.2548916)
2023-04-24 10:47:57.107061355+00:00,A0117,8,10,43.2547105,-7.3448227,POINT (-7.3448227 43.2547105)
2023-04-24 11:03:20.856407449+00:00,A0117,5,9,43.2546573,-7.3447035,POINT (-7.3447035 43.2546573)
2023-04-24 11:18:39.107658010+00:00,A0117,7,9,43.2546828,-7.3448831,POINT (-7.3448831 43.2546828)
2023-04-24 11:33:57.879513864+00:00,A0117,5,8,43.2549536,-7.3452831,POINT (-7.3452831 43.2549536)
2023-04-24 13:19:05.356441936+00:00,A0117,4,9,43.2549047,-7.344929,POINT (-7.344929 43.2549047)
2023-04-24 13:34:21.356617395+00:00,A0117,10,8,43.2548527,-7.344895,POINT (-7.344895 43.2548527)
2023-04-24 13:49:39.107898988+00:00,A0117,11,8,43.2549188,-7.3447338,POINT (-7.3447338 43.2549188)
2023-04-24 14:27:12.106982895+00:00,A0117,4,9,43.2547265,-7.3447744,POINT (-7.3447744 43.2547265)
2023-04-24 16:25:27.106937412+00:00,A0117,6,9,43.254884,-7.3449045,POINT (-7.3449045 43.254884)
2023-04-24 16:40:48.606493998+00:00,A0117,10,9,43.2547345,-7.3447966,POINT (-7.3447966 43.2547345)
2023-04-24 17:18:59.106558070+00:00,A0117,10,9,43.2520828,-7.3385518,POINT (-7.3385518 43.2520828)
2023-04-24 17:29:50.356610340+00:00,A0117,5,8,43.2511393,-7.3384086,POINT (-7.3384086 43.2511393)
2023-04-24 19:01:04.356380717+00:00,A0117,18,5,43.2526764,-7.3448052,POINT (-7.3448052 43.2526764)
2023-04-24 19:17:36.106425757+00:00,A0117,2,9,43.2551013,-7.3452571,POINT (-7.3452571 43.2551013)
2023-04-24 19:32:55.108224926+00:00,A0117,4,9,43.2550744,-7.3449683,POINT (-7.3449683 43.2550744)
2023-04-24 19:48:13.115800554+00:00,A0117,4,8,43.2550727,-7.345218,POINT (-7.345218 43.2550727)
2023-04-24 20:03:37.106513139+00:00,A0117,4,8,43.2550683,-7.3449859,POINT (-7.3449859 43.2550683)
2023-04-24 20:18:54.106443701+00:00,A0117,3,8,43.2550214,-7.3448047,POINT (-7.3448047 43.2550214)
2023-04-24 20:34:11.607826173+00:00,A0117,4,8,43.2549498,-7.3446214,POINT (-7.3446214 43.2549498)
2023-04-24 22:30:55.356499287+00:00,A0117,4,11,43.2549634,-7.3448296,POINT (-7.3448296 43.2549634)
2023-04-24 22:46:11.108514116+00:00,A0117,4,10,43.2549617,-7.3451087,POINT (-7.3451087 43.2549617)
2023-04-24 23:01:25.106969242+00:00,A0117,4,10,43.255017,-7.3451885,POINT (-7.3451885 43.255017)
2023-04-25 01:46:50.856433328+00:00,A0117,4,6,43.2550288,-7.3451678,POINT (-7.3451678 43.2550288)
2023-04-25 06:49:51.607806448+00:00,A0117,15,4,43.253142,-7.3442851,POINT (-7.3442851 43.253142)
2023-04-25 07:01:01.107817484+00:00,A0117,8,5,43.2531376,-7.3436772,POINT (-7.3436772 43.2531376)
2023-04-25 07:13:19.107585678+00:00,A0117,6,5,43.2516547,-7.3380462,POINT (-7.3380462 43.2516547)
2023-04-25 07:25:29.606335879+00:00,A0117,5,8,43.2511446,-7.3384033,POINT (-7.3384033 43.2511446)
2023-04-25 10:17:35.606528881+00:00,A0117,5,8,43.2552655,-7.3447996,POINT (-7.3447996 43.2552655)
2023-04-25 10:25:44.356471166+00:00,A0117,8,8,43.2552858,-7.3453215,POINT (-7.3453215 43.2552858)
2023-04-25 10:40:50.606676139+00:00,A0117,8,8,43.2551515,-7.3451046,POINT (-7.3451046 43.2551515)
2023-04-25 10:56:11.606445133+00:00,A0117,7,8,43.2551598,-7.3451348,POINT (-7.3451348 43.2551598)
2023-04-25 11:25:12.450479641+00:00,A0117,3,8,43.2551332,-7.3450768,POINT (-7.3450768 43.2551332)
2023-04-25 13:06:41.570937187+00:00,A0117,3,8,43.2552703,-7.3449502,POINT (-7.3449502 43.2552703)
2023-04-25 13:21:54.302594385+00:00,A0117,7,9,43.2551968,-7.3449654,POINT (-7.3449654 43.2551968)
2023-04-25 13:37:12.519883259+00:00,A0117,6,8,43.2552793,-7.3449727,POINT (-7.3449727 43.2552793)
2023-04-25 17:21:37.523959307+00:00,A0117,7,6,43.2534688,-7.3443257,POINT (-7.3443257 43.2534688)
2023-04-25 17:36:44.323127296+00:00,A0117,8,8,43.2532085,-7.3403622,POINT (-7.3403622 43.2532085)
2023-04-25 17:41:49.726980231+00:00,A0117,45,8,43.2516152,-7.338105,POINT (-7.338105 43.2516152)
2023-04-25 17:49:58.350985229+00:00,A0117,14,8,43.2509117,-7.3384545,POINT (-7.3384545 43.2509117)
2023-04-25 18:46:49.368383561+00:00,A0117,5,8,43.2512496,-7.338569,POINT (-7.338569 43.2512496)
2023-04-25 19:27:53.347273718+00:00,A0117,5,9,43.2530191,-7.343153,POINT (-7.343153 43.2530191)
2023-04-25 19:38:54.727983598+00:00,A0117,5,8,43.2536595,-7.344351,POINT (-7.344351 43.2536595)
2023-04-25 19:47:50.436668819+00:00,A0117,5,8,43.2553649,-7.3451395,POINT (-7.3451395 43.2553649)
2023-04-25 20:03:41.489552619+00:00,A0117,2,8,43.2553117,-7.3453388,POINT (-7.3453388 43.2553117)
2023-04-25 20:19:16.486256516+00:00,A0117,3,8,43.2553055,-7.3452977,POINT (-7.3452977 43.2553055)
2023-04-25 20:40:28.574490395+00:00,A0117,2,9,43.2554014,-7.3448917,POINT (-7.3448917 43.2554014)
2023-04-25 23:56:22.003205832+00:00,A0117,1,10,43.2553673,-7.3455831,POINT (-7.3455831 43.2553673)
2023-04-20 07:41:44.074886770+00:00,B1118,10,6,43.2511944,-7.3385699,POINT (-7.3385699 43.2511944)
2023-04-20 09:21:45.574455601+00:00,B1118,5,6,43.2514279,-7.3365284,POINT (-7.3365284 43.2514279)
2023-04-20 09:30:30.074917136+00:00,B1118,11,9,43.2517564,-7.3370967,POINT (-7.3370967 43.2517564)
2023-04-20 09:47:18.074927483+00:00,B1118,15,9,43.2519086,-7.3367184,POINT (-7.3367184 43.2519086)
2023-04-20 10:02:42.075805266+00:00,B1118,9,8,43.2517486,-7.3367498,POINT (-7.3367498 43.2517486)
2023-04-20 10:10:58.840628324+00:00,B1118,18,8,43.2517969,-7.336956,POINT (-7.336956 43.2517969)
2023-04-20 10:34:49.075430397+00:00,B1118,13,9,43.2520014,-7.3367655,POINT (-7.3367655 43.2520014)
2023-04-20 10:58:29.574718616+00:00,B1118,12,8,43.2517392,-7.3369405,POINT (-7.3369405 43.2517392)
2023-04-20 11:07:12.075419539+00:00,B1118,8,8,43.2517209,-7.3368458,POINT (-7.3368458 43.2517209)
2023-04-20 11:15:50.090040225+00:00,B1118,15,8,43.251767,-7.3371231,POINT (-7.3371231 43.251767)
2023-04-20 12:15:59.826126364+00:00,B1118,15,8,43.2516201,-7.3367013,POINT (-7.3367013 43.2516201)
2023-04-20 12:28:50.076483675+00:00,B1118,14,8,43.2516506,-7.3368842,POINT (-7.3368842 43.2516506)
2023-04-20 12:37:45.325608383+00:00,B1118,11,9,43.2517123,-7.336909,POINT (-7.336909 43.2517123)
2023-04-20 13:09:46.085342840+00:00,B1118,11,8,43.2516319,-7.3363793,POINT (-7.3363793 43.2516319)
2023-04-20 13:20:14.324401986+00:00,B1118,12,8,43.2516342,-7.3368048,POINT (-7.3368048 43.2516342)
2023-04-20 13:33:48.074650765+00:00,B1118,15,8,43.2515223,-7.3371837,POINT (-7.3371837 43.2515223)
2023-04-20 13:49:20.075446793+00:00,B1118,19,8,43.2513591,-7.3371732,POINT (-7.3371732 43.2513591)
2023-04-20 13:57:38.075313638+00:00,B1118,18,9,43.2514572,-7.3369807,POINT (-7.3369807 43.2514572)
2023-04-20 14:21:13.324353726+00:00,B1118,7,8,43.2515895,-7.3371051,POINT (-7.3371051 43.2515895)
2023-04-20 14:29:54.074439584+00:00,B1118,10,8,43.2514076,-7.3367571,POINT (-7.3367571 43.2514076)
2023-04-20 14:38:46.075449297+00:00,B1118,15,8,43.2514436,-7.3369497,POINT (-7.3369497 43.2514436)
2023-04-20 15:19:49.574320084+00:00,B1118,10,8,43.2515761,-7.3363919,POINT (-7.3363919 43.2515761)
2023-04-20 15:43:12.081483172+00:00,B1118,10,8,43.2513944,-7.3365869,POINT (-7.3365869 43.2513944)
2023-04-20 15:54:59.074324188+00:00,B1118,17,8,43.2519028,-7.3370006,POINT (-7.3370006 43.2519028)
2023-04-20 16:41:23.106347058+00:00,B1118,9,6,43.2513094,-7.3367266,POINT (-7.3367266 43.2513094)
2023-04-20 17:05:30.106626701+00:00,B1118,9,10,43.2515841,-7.3365707,POINT (-7.3365707 43.2515841)
2023-04-20 17:13:47.356472425+00:00,B1118,9,10,43.2517831,-7.3371686,POINT (-7.3371686 43.2517831)
2023-04-20 17:43:45.125303366+00:00,B1118,11,8,43.2512056,-7.338482,POINT (-7.338482 43.2512056)
2023-04-20 19:27:22.106889132+00:00,B1118,8,9,43.2513653,-7.3371232,POINT (-7.3371232 43.2513653)
2023-04-20 19:39:01.106317878+00:00,B1118,18,10,43.2519412,-7.3363196,POINT (-7.3363196 43.2519412)
2023-04-20 19:54:02.356484725+00:00,B1118,12,9,43.2517124,-7.3364806,POINT (-7.3364806 43.2517124)
2023-04-20 20:02:18.106826630+00:00,B1118,12,9,43.2517106,-7.3364636,POINT (-7.3364636 43.2517106)
2023-04-20 20:25:51.107595026+00:00,B1118,11,8,43.2519145,-7.336799,POINT (-7.336799 43.2519145)
2023-04-20 20:40:04.356938772+00:00,B1118,24,9,43.2517324,-7.3366918,POINT (-7.3366918 43.2517324)
2023-04-20 20:48:25.856844825+00:00,B1118,19,10,43.2519526,-7.3368984,POINT (-7.3368984 43.2519526)
2023-04-20 23:56:51.106621921+00:00,B1118,7,8,43.251958,-7.3368297,POINT (-7.3368297 43.251958)
2023-04-21 06:41:34.856992405+00:00,B1118,48,5,43.2509029,-7.3396264,POINT (-7.3396264 43.2509029)
2023-04-21 10:04:49.606555989+00:00,B1118,10,8,43.2545809,-7.3444396,POINT (-7.3444396 43.2545809)
2023-04-21 10:13:08.362356971+00:00,B1118,20,8,43.2545736,-7.3445988,POINT (-7.3445988 43.2545736)
2023-04-21 10:28:26.606882855+00:00,B1118,26,8,43.2546789,-7.344249,POINT (-7.344249 43.2546789)
2023-04-21 10:36:48.606411515+00:00,B1118,19,8,43.2546682,-7.3441801,POINT (-7.3441801 43.2546682)
2023-04-21 11:00:30.868672553+00:00,B1118,8,8,43.2547644,-7.3443273,POINT (-7.3443273 43.2547644)
2023-04-21 11:16:06.606314812+00:00,B1118,9,9,43.2548153,-7.3443711,POINT (-7.3443711 43.2548153)
2023-04-21 11:24:28.606918796+00:00,B1118,20,9,43.2548757,-7.3442595,POINT (-7.3442595 43.2548757)
2023-04-21 11:39:53.356374274+00:00,B1118,12,8,43.2546441,-7.3445853,POINT (-7.3445853 43.2546441)
2023-04-21 11:48:09.606508498+00:00,B1118,13,8,43.2545848,-7.3445414,POINT (-7.3445414 43.2545848)
2023-04-21 12:07:52.370981959+00:00,B1118,13,9,43.2547451,-7.344383,POINT (-7.344383 43.2547451)
2023-04-21 12:23:11.356465170+00:00,B1118,11,10,43.2545923,-7.3443901,POINT (-7.3443901 43.2545923)
2023-04-21 12:33:28.606663521+00:00,B1118,13,10,43.2548031,-7.3446043,POINT (-7.3446043 43.2548031)
2023-04-21 12:48:42.356360722+00:00,B1118,12,9,43.2548623,-7.3444644,POINT (-7.3444644 43.2548623)
2023-04-21 12:57:02.356561362+00:00,B1118,15,9,43.2550294,-7.3442858,POINT (-7.3442858 43.2550294)
2023-04-21 13:20:22.875527880+00:00,B1118,15,9,43.254927,-7.3440718,POINT (-7.3440718 43.254927)
2023-04-21 14:18:41.856479239+00:00,B1118,9,9,43.2547916,-7.3444084,POINT (-7.3444084 43.2547916)
2023-04-21 14:27:10.606287908+00:00,B1118,16,10,43.2548398,-7.3441421,POINT (-7.3441421 43.2548398)
2023-04-21 15:11:44.372788247+00:00,B1118,10,9,43.2548156,-7.344413,POINT (-7.344413 43.2548156)
2023-04-21 15:20:01.607038685+00:00,B1118,17,8,43.2548589,-7.3441055,POINT (-7.3441055 43.2548589)
2023-04-21 15:31:56.856752347+00:00,B1118,9,7,43.2545425,-7.3440934,POINT (-7.3440934 43.2545425)
2023-04-21 16:20:11.606743507+00:00,B1118,9,11,43.2548196,-7.3444187,POINT (-7.3444187 43.2548196)
2023-04-21 16:28:27.606690364+00:00,B1118,16,10,43.2547746,-7.3444495,POINT (-7.3444495 43.2547746)
2023-04-21 17:05:45.606811331+00:00,B1118,18,9,43.2531643,-7.3434881,POINT (-7.3434881 43.2531643)
2023-04-21 17:14:05.856772442+00:00,B1118,16,10,43.2520627,-7.3386433,POINT (-7.3386433 43.2520627)
2023-04-21 17:31:53.606450862+00:00,B1118,24,8,43.2514002,-7.3382313,POINT (-7.3382313 43.2514002)
2023-04-21 19:09:46.106394827+00:00,B1118,10,6,43.2526784,-7.3450923,POINT (-7.3450923 43.2526784)
2023-04-21 19:24:15.606449071+00:00,B1118,12,7,43.2550366,-7.344596,POINT (-7.344596 43.2550366)
2023-04-21 19:32:32.606388626+00:00,B1118,20,8,43.2550882,-7.3444516,POINT (-7.3444516 43.2550882)
2023-04-21 19:48:11.618039532+00:00,B1118,9,12,43.2550926,-7.3444105,POINT (-7.3444105 43.2550926)
2023-04-21 19:56:27.356339808+00:00,B1118,11,12,43.2549542,-7.3443464,POINT (-7.3443464 43.2549542)
2023-04-21 20:19:43.606603066+00:00,B1118,18,11,43.2550276,-7.3444816,POINT (-7.3444816 43.2550276)
2023-04-21 20:34:50.606343215+00:00,B1118,9,8,43.2550795,-7.344522,POINT (-7.344522 43.2550795)
2023-04-21 20:43:07.607009226+00:00,B1118,18,9,43.255065,-7.3446575,POINT (-7.3446575 43.255065)
2023-04-21 21:21:42.106988138+00:00,B1118,10,9,43.2549491,-7.3445549,POINT (-7.3445549 43.2549491)
2023-04-22 03:18:30.606353829+00:00,B1118,6,8,43.254941,-7.3445853,POINT (-7.3445853 43.254941)
2023-04-22 10:26:05.610175283+00:00,B1118,11,9,43.2553327,-7.3445498,POINT (-7.3445498 43.2553327)
2023-04-22 10:34:29.356699468+00:00,B1118,11,10,43.2551759,-7.3444344,POINT (-7.3444344 43.2551759)
2023-04-22 11:07:23.857846766+00:00,B1118,16,9,43.2553645,-7.3443051,POINT (-7.3443051 43.2553645)
2023-04-22 11:30:26.606934561+00:00,B1118,13,9,43.2553237,-7.3446247,POINT (-7.3446247 43.2553237)
2023-04-22 11:46:16.606322557+00:00,B1118,7,8,43.2552232,-7.3446429,POINT (-7.3446429 43.2552232)
2023-04-22 11:54:43.856291651+00:00,B1118,12,9,43.2554306,-7.3444057,POINT (-7.3444057 43.2554306)
2023-04-22 12:33:44.856900801+00:00,B1118,14,9,43.2554845,-7.344255,POINT (-7.344255 43.2554845)
2023-04-22 12:42:02.606281980+00:00,B1118,17,9,43.255211,-7.3443384,POINT (-7.3443384 43.255211)
2023-04-22 13:02:49.856734617+00:00,B1118,11,10,43.255338,-7.3444289,POINT (-7.3444289 43.255338)
2023-04-22 14:49:43.606676509+00:00,B1118,7,8,43.2551596,-7.3446806,POINT (-7.3446806 43.2551596)
2023-04-22 14:58:20.606885274+00:00,B1118,12,8,43.2552664,-7.3445541,POINT (-7.3445541 43.2552664)
2023-04-22 15:06:41.106423166+00:00,B1118,14,9,43.2554122,-7.3442356,POINT (-7.3442356 43.2554122)
2023-04-22 15:21:58.368744663+00:00,B1118,14,9,43.2552721,-7.3442412,POINT (-7.3442412 43.2552721)
2023-04-22 15:30:35.357468929+00:00,B1118,11,8,43.2549863,-7.3442327,POINT (-7.3442327 43.2549863)
2023-04-22 15:39:12.606347837+00:00,B1118,13,10,43.2553224,-7.3442077,POINT (-7.3442077 43.2553224)
2023-04-22 15:47:31.356709154+00:00,B1118,13,10,43.2554126,-7.3441627,POINT (-7.3441627 43.2554126)
2023-04-22 16:17:41.856279864+00:00,B1118,16,8,43.2553991,-7.3444682,POINT (-7.3444682 43.2553991)
2023-04-22 18:02:41.857828038+00:00,B1118,13,9,43.2556133,-7.3444384,POINT (-7.3444384 43.2556133)
2023-04-22 18:14:48.856270112+00:00,B1118,11,10,43.2553478,-7.3443042,POINT (-7.3443042 43.2553478)
2023-04-22 18:30:03.381995351+00:00,B1118,12,10,43.2554685,-7.3443341,POINT (-7.3443341 43.2554685)
2023-04-22 18:38:25.356986619+00:00,B1118,17,9,43.2555613,-7.3443036,POINT (-7.3443036 43.2555613)
2023-04-22 19:01:54.606422902+00:00,B1118,21,9,43.2555663,-7.3447009,POINT (-7.3447009 43.2555663)
2023-04-22 19:17:11.607116710+00:00,B1118,12,9,43.2554854,-7.3443629,POINT (-7.3443629 43.2554854)
2023-04-22 19:25:27.607283288+00:00,B1118,12,9,43.2554857,-7.3444038,POINT (-7.3444038 43.2554857)
2023-04-22 19:49:11.606382715+00:00,B1118,12,8,43.2554006,-7.3442055,POINT (-7.3442055 43.2554006)
2023-04-22 21:44:37.606646285+00:00,B1118,10,8,43.2555043,-7.3447163,POINT (-7.3447163 43.2555043)
2023-04-22 21:53:29.377279461+00:00,B1118,14,9,43.2555407,-7.3445888,POINT (-7.3445888 43.2555407)
2023-04-22 23:45:50.856863912+00:00,B1118,6,8,43.2554793,-7.3444858,POINT (-7.3444858 43.2554793)
2023-04-22 23:54:20.856673347+00:00,B1118,18,8,43.2556196,-7.3443733,POINT (-7.3443733 43.2556196)
2023-04-23 00:47:49.106413219+00:00,B1118,9,9,43.2555571,-7.3443919,POINT (-7.3443919 43.2555571)
2023-04-23 01:57:52.357414661+00:00,B1118,9,8,43.2554561,-7.3443843,POINT (-7.3443843 43.2554561)
2023-04-23 02:08:30.106932058+00:00,B1118,11,8,43.2555605,-7.3442334,POINT (-7.3442334 43.2555605)
2023-04-23 03:51:59.606411811+00:00,B1118,8,8,43.2551407,-7.3446971,POINT (-7.3446971 43.2551407)
2023-04-23 04:01:58.606715788+00:00,B1118,9,7,43.2553525,-7.3446858,POINT (-7.3446858 43.2553525)
2023-04-23 04:10:26.856251941+00:00,B1118,10,8,43.2553818,-7.3446168,POINT (-7.3446168 43.2553818)
2023-04-23 04:33:48.106327697+00:00,B1118,11,8,43.2553261,-7.3443619,POINT (-7.3443619 43.2553261)
2023-04-23 04:52:29.357144226+00:00,B1118,7,7,43.2553851,-7.344529,POINT (-7.344529 43.2553851)
2023-04-23 05:01:18.862175612+00:00,B1118,17,8,43.2555037,-7.3442624,POINT (-7.3442624 43.2555037)
2023-04-23 06:41:15.356455162+00:00,B1118,26,4,43.2529234,-7.3453188,POINT (-7.3453188 43.2529234)
2023-04-23 06:56:32.856432953+00:00,B1118,21,6,43.2526078,-7.3391179,POINT (-7.3391179 43.2526078)
2023-04-23 06:59:58.607081375+00:00,B1118,29,6,43.2515766,-7.3378261,POINT (-7.3378261 43.2515766)
2023-04-23 07:11:23.606332518+00:00,B1118,13,8,43.2511178,-7.3383401,POINT (-7.3383401 43.2511178)
2023-04-23 07:33:07.106887085+00:00,B1118,20,7,43.2511693,-7.338242,POINT (-7.338242 43.2511693)
2023-04-23 08:39:19.606756704+00:00,B1118,14,8,43.2512764,-7.3384456,POINT (-7.3384456 43.2512764)
2023-04-23 10:18:11.606275490+00:00,B1118,19,8,43.2521982,-7.3372345,POINT (-7.3372345 43.2521982)
2023-04-23 10:26:28.356362499+00:00,B1118,15,8,43.2522773,-7.3373075,POINT (-7.3373075 43.2522773)
2023-04-23 10:46:51.606346520+00:00,B1118,16,8,43.2524036,-7.3368664,POINT (-7.3368664 43.2524036)
2023-04-23 11:02:05.613996661+00:00,B1118,15,9,43.2524013,-7.3372565,POINT (-7.3372565 43.2524013)
2023-04-23 11:10:21.606343635+00:00,B1118,14,8,43.2522653,-7.3370744,POINT (-7.3370744 43.2522653)
2023-04-23 11:47:58.606262914+00:00,B1118,21,9,43.252394,-7.3374304,POINT (-7.3374304 43.252394)
2023-04-23 11:56:17.606769117+00:00,B1118,18,9,43.2525056,-7.3372617,POINT (-7.3372617 43.2525056)
2023-04-23 12:11:32.856415359+00:00,B1118,20,9,43.2524614,-7.3371578,POINT (-7.3371578 43.2524614)
2023-04-23 12:19:48.857044249+00:00,B1118,27,9,43.25236,-7.3372826,POINT (-7.3372826 43.25236)
2023-04-23 12:49:20.606451819+00:00,B1118,11,8,43.2525365,-7.3370539,POINT (-7.3370539 43.2525365)
2023-04-23 13:05:43.356379540+00:00,B1118,10,9,43.2520916,-7.3369101,POINT (-7.3369101 43.2520916)
2023-04-23 13:28:54.878099770+00:00,B1118,16,9,43.2520518,-7.3365417,POINT (-7.3365417 43.2520518)
2023-04-23 13:37:29.606512959+00:00,B1118,26,9,43.2520571,-7.3364654,POINT (-7.3364654 43.2520571)
2023-04-23 14:49:47.606446220+00:00,B1118,19,8,43.2521079,-7.3368639,POINT (-7.3368639 43.2521079)
2023-04-23 14:58:25.356406003+00:00,B1118,12,9,43.2520935,-7.3368073,POINT (-7.3368073 43.2520935)
2023-04-23 15:37:45.606362358+00:00,B1118,9,8,43.2518905,-7.3361989,POINT (-7.3361989 43.2518905)
2023-04-23 15:46:35.606612485+00:00,B1118,17,8,43.251966,-7.3364228,POINT (-7.3364228 43.251966)
2023-04-23 18:20:09.356924002+00:00,B1118,26,8,43.2525888,-7.3375429,POINT (-7.3375429 43.2525888)
2023-04-23 19:03:47.606526581+00:00,B1118,11,8,43.2522136,-7.3368317,POINT (-7.3368317 43.2522136)
2023-04-23 19:13:30.606325805+00:00,B1118,9,9,43.252068,-7.3367823,POINT (-7.3367823 43.252068)
2023-04-23 19:22:19.606520380+00:00,B1118,10,9,43.2519911,-7.3368055,POINT (-7.3368055 43.2519911)
2023-04-23 19:30:39.606650869+00:00,B1118,17,9,43.2520729,-7.3369594,POINT (-7.3369594 43.2520729)
2023-04-23 20:17:41.857140414+00:00,B1118,13,12,43.2521132,-7.3366124,POINT (-7.3366124 43.2521132)
2023-04-23 20:41:18.606414825+00:00,B1118,7,8,43.2521339,-7.3367162,POINT (-7.3367162 43.2521339)
2023-04-23 23:07:11.856377751+00:00,B1118,11,7,43.2521017,-7.3367768,POINT (-7.3367768 43.2521017)
2023-04-24 02:00:13.110663992+00:00,B1118,13,8,43.2520626,-7.3362513,POINT (-7.3362513 43.2520626)
2023-04-24 02:25:32.106926304+00:00,B1118,29,7,43.2519511,-7.33629,POINT (-7.33629 43.2519511)
2023-04-24 06:48:35.606835277+00:00,B1118,47,3,43.2510311,-7.3383139,POINT (-7.3383139 43.2510311)
2023-04-24 09:26:49.856266981+00:00,B1118,10,8,43.2549491,-7.3448632,POINT (-7.3448632 43.2549491)
2023-04-24 09:35:29.356572098+00:00,B1118,10,8,43.2550033,-7.3447853,POINT (-7.3447853 43.2550033)
2023-04-24 09:44:11.856704266+00:00,B1118,7,9,43.2548467,-7.34519,POINT (-7.34519 43.2548467)
2023-04-24 09:52:41.860820931+00:00,B1118,11,8,43.2549446,-7.3452373,POINT (-7.3452373 43.2549446)
2023-04-24 10:07:57.106733010+00:00,B1118,14,8,43.2549611,-7.3453733,POINT (-7.3453733 43.2549611)
2023-04-24 10:16:14.356365103+00:00,B1118,15,8,43.2549475,-7.345397,POINT (-7.345397 43.2549475)
2023-04-24 11:03:04.106853883+00:00,B1118,20,9,43.2548862,-7.3451423,POINT (-7.3451423 43.2548862)
2023-04-24 11:11:17.606704808+00:00,B1118,18,8,43.2549106,-7.3452643,POINT (-7.3452643 43.2549106)
2023-04-24 13:22:41.356493223+00:00,B1118,9,11,43.2548842,-7.3450245,POINT (-7.3450245 43.2548842)
2023-04-24 13:37:53.606478680+00:00,B1118,10,11,43.2548418,-7.3452919,POINT (-7.3452919 43.2548418)
2023-04-24 13:46:15.131506728+00:00,B1118,19,11,43.2549851,-7.3453127,POINT (-7.3453127 43.2549851)
2023-04-24 14:32:06.606219591+00:00,B1118,12,9,43.2548879,-7.3452755,POINT (-7.3452755 43.2548879)
2023-04-24 14:40:58.107100005+00:00,B1118,11,8,43.2549182,-7.3454321,POINT (-7.3454321 43.2549182)
2023-04-24 14:49:42.115021026+00:00,B1118,10,10,43.2549451,-7.3453199,POINT (-7.3453199 43.2549451)
2023-04-24 14:57:58.606549844+00:00,B1118,12,10,43.2549627,-7.3453792,POINT (-7.3453792 43.2549627)
2023-04-24 16:26:33.106856808+00:00,B1118,14,10,43.254888,-7.3451403,POINT (-7.3451403 43.254888)
2023-04-24 16:50:11.606473025+00:00,B1118,12,11,43.2548344,-7.3449262,POINT (-7.3449262 43.2548344)
2023-04-24 17:28:24.356491500+00:00,B1118,14,10,43.2511789,-7.3384863,POINT (-7.3384863 43.2511789)
2023-04-24 18:12:19.606588287+00:00,B1118,17,8,43.2513093,-7.3385108,POINT (-7.3385108 43.2513093)
2023-04-24 19:01:38.609414746+00:00,B1118,17,5,43.2527773,-7.345096,POINT (-7.345096 43.2527773)
2023-04-24 19:17:12.356706705+00:00,B1118,10,9,43.2551663,-7.3452308,POINT (-7.3452308 43.2551663)
2023-04-24 19:26:44.606484346+00:00,B1118,12,8,43.2551468,-7.3452779,POINT (-7.3452779 43.2551468)
2023-04-24 19:42:29.606535054+00:00,B1118,11,10,43.2551327,-7.3452038,POINT (-7.3452038 43.2551327)
2023-04-24 19:50:46.357026464+00:00,B1118,9,10,43.2550859,-7.3448374,POINT (-7.3448374 43.2550859)
2023-04-24 20:14:03.106946753+00:00,B1118,11,9,43.255071,-7.3455056,POINT (-7.3455056 43.255071)
2023-04-24 20:30:30.106790798+00:00,B1118,7,8,43.2551099,-7.3450414,POINT (-7.3450414 43.2551099)
2023-04-24 20:40:35.607206493+00:00,B1118,8,9,43.2550077,-7.3449193,POINT (-7.3449193 43.2550077)
2023-04-24 20:48:53.107782504+00:00,B1118,10,9,43.2549858,-7.3450117,POINT (-7.3450117 43.2549858)
2023-04-25 00:58:20.356884968+00:00,B1118,25,6,43.2551433,-7.3453835,POINT (-7.3453835 43.2551433)
2023-04-25 02:57:46.356339008+00:00,B1118,12,6,43.2550699,-7.3451232,POINT (-7.3451232 43.2550699)
2023-04-25 08:11:45.856440958+00:00,B1118,16,6,43.251353,-7.3385366,POINT (-7.3385366 43.251353)
2023-04-25 10:07:04.606448005+00:00,B1118,77,3,43.2525144,-7.3440228,POINT (-7.3440228 43.2525144)
2023-04-25 10:28:46.606419090+00:00,B1118,12,9,43.2551349,-7.3454781,POINT (-7.3454781 43.2551349)
2023-04-25 10:52:17.606662060+00:00,B1118,15,9,43.2551889,-7.3454366,POINT (-7.3454366 43.2551889)
2023-04-25 11:00:38.374227493+00:00,B1118,16,8,43.2550994,-7.3454546,POINT (-7.3454546 43.2550994)
2023-04-25 11:23:53.380520940+00:00,B1118,15,8,43.2551666,-7.3452655,POINT (-7.3452655 43.2551666)
2023-04-25 11:39:43.314455653+00:00,B1118,9,8,43.2552647,-7.3450035,POINT (-7.3450035 43.2552647)
2023-04-25 11:48:04.441467663+00:00,B1118,14,8,43.2552726,-7.3444079,POINT (-7.3444079 43.2552726)
2023-04-25 12:11:41.557765565+00:00,B1118,8,10,43.2552723,-7.3450377,POINT (-7.3450377 43.2552723)
2023-04-25 12:19:56.734936515+00:00,B1118,11,12,43.2551887,-7.3453813,POINT (-7.3453813 43.2551887)
2023-04-25 12:31:09.469333889+00:00,B1118,15,10,43.255112,-7.3452879,POINT (-7.3452879 43.255112)
2023-04-25 13:51:46.671595867+00:00,B1118,7,10,43.2551874,-7.345544,POINT (-7.345544 43.2551874)
2023-04-25 14:00:44.301873720+00:00,B1118,16,9,43.2551491,-7.3454854,POINT (-7.3454854 43.2551491)
2023-04-25 14:23:11.577555262+00:00,B1118,9,9,43.2552356,-7.3450552,POINT (-7.3450552 43.2552356)
2023-04-25 14:38:42.472376303+00:00,B1118,16,8,43.2552224,-7.3452907,POINT (-7.3452907 43.2552224)
2023-04-25 14:47:25.382015167+00:00,B1118,10,12,43.2551927,-7.345288,POINT (-7.345288 43.2551927)
2023-04-25 16:33:41.402953417+00:00,B1118,8,11,43.2552145,-7.3455387,POINT (-7.3455387 43.2552145)
2023-04-25 16:41:57.530004889+00:00,B1118,13,11,43.2551955,-7.3456001,POINT (-7.3456001 43.2551955)
2023-04-25 17:05:09.544953611+00:00,B1118,10,11,43.2552829,-7.3455629,POINT (-7.3455629 43.2552829)
2023-04-25 17:24:32.605750434+00:00,B1118,16,11,43.2528067,-7.3452355,POINT (-7.3452355 43.2528067)
2023-04-25 17:34:57.858240199+00:00,B1118,15,10,43.2532823,-7.3404744,POINT (-7.3404744 43.2532823)
2023-04-25 17:48:18.541378732+00:00,B1118,15,10,43.2510705,-7.3382601,POINT (-7.3382601 43.2510705)
2023-04-25 19:30:00.161599566+00:00,B1118,18,5,43.2526311,-7.3442319,POINT (-7.3442319 43.2526311)
2023-04-25 19:41:20.498515505+00:00,B1118,23,5,43.2548638,-7.3447152,POINT (-7.3447152 43.2548638)
2023-04-25 19:49:20.525744886+00:00,B1118,7,7,43.2554035,-7.3451276,POINT (-7.3451276 43.2554035)
2023-04-25 19:58:12.335419251+00:00,B1118,9,9,43.2553826,-7.3453104,POINT (-7.3453104 43.2553826)
2023-04-25 20:06:40.484035724+00:00,B1118,10,9,43.2552904,-7.3455072,POINT (-7.3455072 43.2552904)
2023-04-25 20:30:17.428908684+00:00,B1118,10,8,43.2553518,-7.345423,POINT (-7.345423 43.2553518)
2023-04-25 21:02:12.638974654+00:00,B1118,6,11,43.255301,-7.3454298,POINT (-7.3454298 43.255301)
2023-04-25 21:10:29.336227898+00:00,B1118,15,9,43.2552297,-7.3455658,POINT (-7.3455658 43.2552297)
2023-04-25 21:29:42.354245851+00:00,B1118,19,9,43.2551934,-7.3452715,POINT (-7.3452715 43.2551934)
